,beni,beni,beni,beni,beni,beni,chuquisaca,chuquisaca,chuquisaca,chuquisaca,chuquisaca,chuquisaca,cochabamba,cochabamba,cochabamba,cochabamba,cochabamba,cochabamba,la paz,la paz,la paz,la paz,la paz,la paz,oruro,oruro,oruro,oruro,oruro,oruro,pando,pando,pando,pando,pando,pando,potosi,potosi,potosi,potosi,potosi,potosi,santa cruz,santa cruz,santa cruz,santa cruz,santa cruz,santa cruz,tarija,tarija,tarija,tarija,tarija,tarija
,camas_habilitadas,camas_habilitadas,camas_habilitadas,hospitalizados,hospitalizados,hospitalizados,camas_habilitadas,camas_habilitadas,camas_habilitadas,hospitalizados,hospitalizados,hospitalizados,camas_habilitadas,camas_habilitadas,camas_habilitadas,hospitalizados,hospitalizados,hospitalizados,camas_habilitadas,camas_habilitadas,camas_habilitadas,hospitalizados,hospitalizados,hospitalizados,camas_habilitadas,camas_habilitadas,camas_habilitadas,hospitalizados,hospitalizados,hospitalizados,camas_habilitadas,camas_habilitadas,camas_habilitadas,hospitalizados,hospitalizados,hospitalizados,camas_habilitadas,camas_habilitadas,camas_habilitadas,hospitalizados,hospitalizados,hospitalizados,camas_habilitadas,camas_habilitadas,camas_habilitadas,hospitalizados,hospitalizados,hospitalizados,camas_habilitadas,camas_habilitadas,camas_habilitadas,hospitalizados,hospitalizados,hospitalizados
,internacion,uci,uti,internacion,uci,uti,internacion,uci,uti,internacion,uci,uti,internacion,uci,uti,internacion,uci,uti,internacion,uci,uti,internacion,uci,uti,internacion,uci,uti,internacion,uci,uti,internacion,uci,uti,internacion,uci,uti,internacion,uci,uti,internacion,uci,uti,internacion,uci,uti,internacion,uci,uti,internacion,uci,uti,internacion,uci,uti
fecha,,,,,,,,,,,,,,,,,,,,,,,,,,,,,,,,,,,,,,,,,,,,,,,,,,,,,,
2021-05-08,114,18,9,8,1,2,115,4,35,65,2,24,145,20,24,80,13,22,344,11,61,127,3,52,157,25,10,59,19,10,48,23,13,18,7,5,260,56,24,39,10,8,331,53,73,151,36,59,179,40,26,49,20,13
2021-05-09,134,18,14,15,1,4,160,5,40,71,1,25,188,30,31,130,21,28,445,26,91,176,9,68,157,25,10,66,16,10,48,23,13,12,3,5,260,56,24,39,11,7,367,60,83,165,36,69,243,52,27,61,18,16
2021-05-10,151,22,17,17,4,5,181,6,42,76,2,27,238,33,31,153,27,29,457,25,93,205,8,72,206,35,15,89,23,15,48,23,13,13,3,6,359,69,33,55,12,18,447,75,116,209,43,93,209,44,36,71,17,23
2021-05-11,173,24,20,19,4,4,200,4,50,99,0,35,242,36,33,154,28,29,456,25,94,227,13,73,244,58,18,119,23,19,62,23,13,22,6,4,359,69,33,51,13,19,424,79,101,201,45,91,213,44,36,71,19,26
2021-05-12,173,24,20,23,4,3,179,4,49,82,2,31,243,35,33,160,29,28,473,28,91,234,11,66,255,36,19,138,26,19,62,23,13,21,7,4,357,69,33,57,13,17,424,77,100,135,19,88,209,44,40,75,20,25
2021-05-13,173,24,20,28,3,4,190,4,49,87,1,33,243,34,33,163,30,27,474,28,93,248,12,73,251,36,20,137,24,20,62,23,13,19,6,3,357,69,33,62,12,17,424,77,100,202,46,91,215,44,36,80,21,27
2021-05-14,168,24,21,26,3,5,196,4,49,89,2,32,243,35,32,120,33,28,481,28,100,171,13,81,254,29,20,145,23,19,62,23,13,19,6,3,357,69,33,65,13,17,537,79,122,310,47,118,219,42,38,84,21,28
2021-05-15,173,24,20,26,3,4,196,4,51,95,2,36,249,34,33,173,29,30,481,28,99,262,14,82,251,29,20,152,24,20,62,23,13,31,9,7,357,69,34,68,14,18,549,65,124,322,43,119,222,44,41,80,21,27
2021-05-16,173,24,20,24,3,4,199,4,51,94,2,37,258,34,33,175,27,30,485,28,99,271,14,85,253,28,21,150,23,21,63,24,13,28,8,7,357,68,34,67,15,19,554,64,129,334,43,121,227,44,40,79,21,26
2021-05-17,172,24,19,20,3,3,202,4,51,94,2,38,268,34,33,181,27,28,489,27,98,274,13,86,255,27,23,150,23,22,63,24,13,26,8,6,357,68,34,68,16,19,562,62,133,347,44,122,234,45,38,78,22,26
2021-05-18,172,24,19,18,3,1,203,4,50,96,3,36,276,35,33,184,25,27,495,27,99,280,13,87,256,28,23,148,23,21,64,25,13,25,7,6,357,68,35,71,19,19,568,61,137,361,46,123,239,45,37,81,19,25
2021-05-19,172,24,19,16,3,1,205,4,50,95,3,37,285,35,33,189,24,25,500,26,98,288,12,88,258,28,23,146,24,21,65,26,13,23,7,6,357,67,36,73,20,20,575,60,143,373,46,124,245,46,35,79,20,25
2021-05-20,185,24,19,18,3,1,208,4,50,95,3,37,294,35,33,193,23,25,504,26,98,294,12,90,260,27,25,144,23,22,66,27,13,20,6,6,357,67,36,72,21,20,581,58,146,386,47,124,250,46,34,79,20,24
2021-05-21,186,24,19,21,3,1,208,4,51,94,3,40,309,35,32,206,28,21,512,29,94,305,11,82,262,24,25,138,22,24,66,27,13,19,6,4,357,67,36,81,20,21,596,67,144,398,57,135,268,46,34,79,19,21
2021-05-22,186,24,19,20,3,1,208,5,51,87,4,39,324,35,32,204,31,24,521,33,96,301,9,85,264,26,25,143,23,24,67,28,13,20,5,4,356,64,30,76,22,18,601,76,146,405,61,136,250,46,34,78,20,23
2021-05-23,186,22,19,20,3,1,206,6,49,91,5,37,337,36,32,209,32,25,526,39,97,293,8,82,264,26,24,138,23,23,67,28,13,17,5,4,356,56,24,80,18,13,609,77,144,430,66,137,257,46,34,78,25,22
2021-05-24,186,22,19,16,3,2,208,5,51,96,4,36,340,36,31,221,32,25,546,34,98,307,11,83,264,27,28,142,23,26,66,28,13,18,6,5,355,67,30,95,19,19,695,86,160,493,72,152,264,46,34,78,26,22
2021-05-25,186,24,19,17,3,2,209,4,51,98,3,35,415,45,42,298,37,31,551,30,100,331,13,85,281,28,29,144,23,26,67,28,13,23,7,4,354,67,36,110,20,25,781,92,175,556,80,166,250,46,34,83,26,26
2021-05-26,186,26,19,17,5,2,209,4,51,97,3,36,490,46,43,374,39,37,551,35,99,336,12,82,281,28,29,159,23,24,68,30,13,24,8,4,363,67,37,112,21,28,802,91,175,539,76,169,249,46,38,78,22,26
2021-05-27,186,26,19,14,4,1,209,4,51,100,3,39,501,47,44,382,39,40,552,30,100,332,13,82,268,27,29,161,23,26,69,31,13,24,8,4,363,67,36,110,19,29,794,92,174,546,80,167,258,47,36,79,21,27
2021-05-28,186,26,18,15,3,1,209,4,51,100,3,36,496,49,42,372,39,39,552,28,101,322,17,84,281,27,29,155,23,26,69,31,13,22,8,4,365,67,36,120,17,28,801,93,175,560,80,165,259,47,35,74,21,27
2021-05-29,186,26,17,17,2,3,209,4,52,100,3,37,492,50,40,362,42,36,553,28,101,311,20,88,292,27,29,148,23,25,69,31,13,22,8,4,386,71,36,130,19,27,808,91,174,575,81,165,260,47,40,71,22,29
2021-05-30,186,26,18,15,1,5,207,4,52,100,2,36,494,46,43,367,43,38,551,30,102,319,20,89,297,28,28,147,23,25,69,31,13,23,8,4,386,71,36,140,21,28,809,90,173,587,85,164,263,48,41,66,23,31
2021-05-31,186,26,18,18,1,5,206,5,53,103,1,36,495,47,42,361,42,38,548,28,104,322,19,95,303,27,28,154,20,22,69,31,13,21,8,4,374,65,36,141,20,29,808,88,175,599,81,169,265,46,40,69,23,32
2021-06-01,187,26,19,15,1,5,203,5,54,104,2,37,486,45,42,356,39,39,544,28,105,325,19,94,303,27,29,159,21,23,69,31,13,20,8,4,381,65,36,146,20,29,799,89,173,585,77,168,265,47,40,72,23,34
2021-06-02,203,26,27,22,1,10,200,5,56,103,3,38,477,42,41,356,36,38,540,28,104,328,17,92,303,27,29,164,23,25,69,31,13,21,9,4,387,65,36,150,20,28,790,90,171,568,75,162,264,47,40,67,25,35
2021-06-03,219,26,35,29,1,14,205,5,55,106,2,40,470,42,41,337,35,37,540,28,105,324,19,99,287,27,26,152,23,23,69,31,15,20,9,5,386,65,37,148,20,28,770,90,171,569,71,162,262,47,40,73,24,32
2021-06-04,219,25,35,30,1,14,205,5,55,103,1,39,471,43,42,318,36,38,539,31,106,334,21,99,272,26,30,140,22,22,68,31,14,21,9,5,386,65,37,148,20,26,794,89,173,574,71,162,263,47,40,72,23,32
2021-06-05,219,24,35,31,2,14,206,5,56,95,1,40,471,42,41,344,37,41,536,35,109,340,21,98,257,25,34,128,21,20,68,31,13,23,9,4,386,65,37,146,20,24,814,87,174,579,71,165,264,47,40,71,20,33
2021-06-06,218,24,35,30,2,13,207,5,56,90,1,39,472,43,42,368,38,42,535,38,110,351,23,98,242,25,37,116,21,18,67,31,13,22,9,4,385,65,37,148,20,24,837,87,176,584,71,165,265,47,40,70,19,33
2021-06-07,215,24,34,31,2,12,207,5,56,92,1,39,470,43,41,354,37,41,537,35,110,349,22,99,253,25,35,104,21,19,67,30,14,23,9,5,382,65,37,150,22,24,768,87,165,506,71,154,265,47,40,69,19,33
2021-06-08,214,23,33,32,2,12,206,4,55,93,1,40,468,44,40,342,36,40,539,34,111,343,22,101,264,25,34,114,21,21,69,29,15,21,8,5,381,65,37,149,24,24,698,87,154,428,71,142,265,48,40,70,19,33
2021-06-09,211,24,33,29,3,11,206,4,54,92,1,41,466,44,42,327,36,40,542,33,113,339,23,103,274,26,34,121,22,22,70,28,15,21,8,6,378,65,37,153,27,24,700,87,154,421,73,142,265,49,40,68,18,32
2021-06-10,208,24,33,29,3,10,206,4,53,94,1,40,466,44,42,313,36,41,544,30,115,338,22,107,284,27,32,128,23,24,70,26,16,22,7,6,375,65,37,157,29,24,702,89,154,415,74,143,263,49,41,70,19,32
2021-06-11,205,23,32,28,3,9,206,4,53,96,1,41,462,45,40,301,36,40,545,28,115,334,21,108,296,27,30,137,23,26,70,25,17,22,7,6,373,65,37,155,31,23,705,88,154,410,74,143,263,50,41,69,19,32
2021-06-12,203,23,32,29,3,9,206,4,53,98,1,41,490,56,45,314,46,44,548,26,116,330,21,110,306,27,29,145,23,27,72,24,17,21,7,7,394,67,37,166,32,23,719,92,160,414,76,145,267,50,41,70,19,32
2021-06-13,202,23,31,29,3,9,206,4,54,98,1,41,486,68,45,310,56,44,549,27,116,327,21,109,306,27,29,143,23,27,70,22,17,21,6,7,391,67,38,176,31,23,716,92,160,410,75,145,267,50,41,70,19,32
2021-06-14,202,22,31,29,3,8,207,4,56,97,1,41,481,66,45,305,54,44,548,28,115,325,22,108,306,28,29,140,23,27,69,21,17,21,6,7,388,67,38,177,31,23,713,91,160,402,73,145,266,50,41,69,19,32
2021-06-15,201,22,31,30,3,8,207,4,57,97,1,42,477,65,45,299,51,41,549,28,115,320,22,107,307,28,29,136,22,27,67,20,17,21,5,7,387,67,38,176,29,23,710,90,161,396,71,144,266,50,41,68,20,32
2021-06-16,201,22,31,28,4,8,207,4,59,95,1,42,474,63,45,295,49,41,550,29,113,316,22,106,307,28,29,134,22,27,66,19,17,19,5,7,384,67,38,177,28,23,707,89,161,387,69,145,266,50,41,68,20,32
2021-06-17,199,21,31,28,4,8,208,4,60,95,1,42,470,62,45,290,47,41,551,30,113,313,21,105,307,28,29,131,22,27,64,18,16,18,5,7,382,67,38,178,27,22,704,89,159,380,68,142,265,49,41,66,20,32
2021-06-18,198,21,31,30,3,8,208,4,61,95,1,42,463,61,46,284,44,42,551,31,113,311,22,105,307,29,29,130,22,27,64,16,16,18,4,8,378,67,38,178,26,23,702,89,159,376,67,142,265,49,41,68,20,32
2021-06-19,197,20,31,30,3,7,208,4,63,94,1,42,461,59,46,279,42,40,552,32,112,307,22,103,307,29,29,125,22,27,61,15,16,18,4,7,377,67,38,178,24,23,696,88,159,368,66,142,265,49,41,69,21,32
2021-06-20,197,20,30,30,3,7,209,4,64,94,1,42,456,58,46,273,41,40,552,33,112,305,22,102,307,29,29,123,22,27,60,14,15,16,4,7,374,67,38,180,24,23,694,88,159,362,65,142,264,49,41,68,21,32
2021-06-21,196,20,30,31,3,6,209,4,67,96,1,41,452,56,46,269,38,37,551,32,111,299,23,101,308,31,29,119,22,24,58,13,16,16,3,6,372,67,39,178,23,24,692,87,160,357,60,137,265,49,40,66,22,31
2021-06-22,195,19,30,30,3,6,210,4,68,95,1,41,448,55,46,264,37,37,551,33,111,297,23,100,308,31,29,117,22,24,57,12,16,16,3,6,369,67,40,179,24,24,690,87,160,351,59,137,264,49,40,65,22,31
2021-06-23,194,20,30,30,3,5,210,4,70,94,1,41,444,53,46,258,35,35,552,34,111,293,23,98,308,31,29,112,22,24,55,10,16,16,2,6,366,67,40,179,22,24,685,85,160,343,58,137,264,49,40,66,23,31
2021-06-24,194,20,30,30,3,5,210,4,71,93,1,41,439,52,46,253,33,35,551,35,111,290,24,97,308,32,29,111,22,24,54,9,16,14,2,6,365,67,40,180,20,24,683,85,160,338,57,137,264,49,40,65,23,31
2021-06-25,193,19,30,30,3,5,211,4,72,94,1,42,434,51,46,248,30,35,552,36,111,287,23,95,308,32,29,108,22,24,52,8,15,13,2,6,361,67,40,180,20,23,680,85,158,331,56,134,263,48,40,63,23,31
2021-06-26,192,19,29,31,3,5,211,4,74,92,1,42,432,49,47,243,29,36,552,37,110,283,23,94,308,32,29,106,22,24,50,7,15,13,1,5,359,67,40,182,19,23,676,84,158,324,54,134,263,48,40,64,23,31
2021-06-27,190,19,29,30,3,4,211,4,75,92,1,42,426,48,47,238,26,33,553,37,110,278,23,93,309,32,29,102,21,24,48,6,15,13,1,5,356,67,40,182,17,23,673,83,159,318,52,133,263,48,40,63,24,31
2021-06-28,190,18,29,30,3,4,212,4,77,91,1,42,423,46,47,232,24,33,552,38,109,275,24,92,309,33,29,99,21,24,47,4,14,11,0,5,355,67,40,182,17,23,670,82,159,309,50,133,262,48,40,62,24,31
2021-06-29,189,18,29,31,3,4,212,4,78,91,1,42,418,45,47,228,23,33,553,39,109,272,24,91,309,33,29,97,21,24,45,3,14,11,0,5,354,67,40,183,16,23,668,89,166,305,51,142,262,48,40,62,24,31
2021-06-30,189,18,29,30,2,4,212,4,66,81,1,45,408,39,47,196,23,33,553,39,109,271,23,90,309,33,30,94,24,23,45,3,14,10,0,5,384,67,39,186,17,22,661,88,172,277,46,139,262,48,40,59,25,31
2021-07-01,189,18,29,27,2,4,211,4,53,84,1,44,401,40,48,184,21,33,545,39,109,257,25,91,305,33,30,85,24,24,45,3,14,10,0,4,413,66,39,181,19,22,662,88,171,282,47,136,263,48,40,59,23,30
2021-07-02,189,18,29,24,1,3,210,4,53,84,1,41,391,41,48,172,19,33,539,39,111,241,28,90,302,33,29,82,25,23,45,3,14,10,0,4,415,66,39,178,21,22,664,88,169,291,48,134,264,48,41,57,23,29
2021-07-03,188,18,29,20,1,3,209,4,53,87,1,40,384,42,49,162,17,33,531,39,110,228,30,92,298,33,29,74,25,23,45,3,14,9,0,3,416,65,39,173,23,22,665,88,168,297,49,130,265,48,41,57,21,28
2021-07-04,188,18,29,18,2,3,206,4,53,86,1,40,375,43,49,153,17,33,524,39,110,226,26,90,294,34,29,69,23,22,45,3,14,10,0,3,416,65,39,169,20,22,656,89,167,278,49,128,265,48,41,57,20,27
2021-07-05,188,18,29,15,3,3,202,4,53,78,1,41,365,45,49,143,15,33,515,39,111,229,22,88,291,34,29,66,23,21,45,3,14,12,0,3,416,65,39,167,19,24,644,91,165,255,49,124,264,48,40,59,20,26
2021-07-06,188,18,29,13,4,3,199,4,53,76,1,40,356,46,49,136,15,33,510,39,111,228,17,87,287,34,29,61,21,20,45,3,14,12,0,3,414,65,40,162,16,25,635,92,164,235,49,122,264,48,40,61,19,26
2021-07-07,188,18,29,12,3,3,204,4,53,74,2,38,342,49,52,127,22,32,483,40,109,214,17,84,287,34,29,55,20,20,45,3,14,11,0,3,414,63,40,150,15,25,632,92,163,230,50,117,264,48,40,54,16,26
2021-07-08,210,18,29,15,2,4,209,4,53,71,2,36,327,52,55,117,27,29,456,41,108,197,18,84,287,34,29,49,18,21,45,3,14,11,0,2,414,61,39,143,15,25,629,92,162,227,48,114,264,48,40,46,14,26
2021-07-09,210,18,29,15,1,4,209,5,53,73,3,35,312,52,52,114,25,30,429,43,109,198,18,85,287,34,31,48,18,20,45,3,14,12,0,2,414,61,39,133,14,27,632,92,161,221,50,116,264,48,40,51,15,26
2021-07-10,210,18,29,14,0,5,209,6,53,72,3,36,296,51,50,108,27,28,422,44,111,200,20,84,287,34,33,44,18,17,45,3,14,12,0,2,414,61,39,127,14,29,634,92,159,214,52,117,264,48,40,55,18,26
2021-07-11,206,18,28,15,0,4,209,6,53,70,3,36,299,50,48,115,26,34,424,45,111,202,21,83,287,34,33,40,13,15,45,3,14,14,0,2,414,61,39,121,13,30,634,92,159,200,44,118,264,48,40,55,20,28
2021-07-12,210,18,29,15,0,4,209,5,53,67,3,36,298,50,45,111,27,33,420,45,111,199,23,81,287,31,29,39,13,13,45,3,14,15,0,2,414,61,39,111,15,29,631,92,159,203,48,115,264,48,40,58,21,33
2021-07-13,210,18,29,14,0,4,209,4,53,65,3,35,296,50,45,112,24,29,418,45,111,201,24,80,285,33,29,38,13,14,46,3,13,13,0,2,413,61,39,108,15,27,628,92,157,204,47,112,264,48,40,55,17,33
2021-07-14,210,18,29,13,0,4,209,5,53,65,4,32,294,50,45,111,24,24,416,45,111,200,25,80,282,34,29,38,13,14,47,3,13,11,0,3,413,61,39,106,15,25,626,92,156,206,46,108,264,48,40,53,14,35
2021-07-15,201,18,29,9,0,4,209,5,52,66,4,34,288,50,45,113,26,23,415,45,112,191,24,81,282,34,29,40,12,13,45,3,13,7,0,3,412,61,39,100,15,26,599,91,154,201,50,109,251,48,40,59,13,33
2021-07-16,201,18,29,7,1,3,209,4,52,69,3,34,280,50,45,111,27,20,415,46,110,183,25,82,282,34,29,38,9,12,43,3,14,4,0,3,412,61,39,92,15,27,572,90,150,190,54,111,237,48,41,61,14,33
2021-07-17,201,18,29,6,1,3,209,4,51,70,3,36,274,50,45,113,29,19,423,46,115,177,23,85,282,34,29,39,8,11,67,3,14,5,0,3,412,61,39,88,15,28,575,91,156,189,57,105,224,48,41,66,13,31
2021-07-18,201,18,29,6,0,3,209,4,51,72,2,35,269,48,45,105,28,16,422,46,114,177,27,88,282,34,29,35,8,11,67,3,14,5,0,3,411,61,39,78,14,30,576,92,153,195,60,115,244,48,41,61,14,31
2021-07-19,201,18,29,8,0,2,209,4,50,70,2,35,269,50,45,115,28,21,419,46,111,179,27,80,282,34,29,36,6,10,67,3,14,5,0,3,410,60,39,82,12,27,541,92,150,186,57,107,264,48,41,59,17,32
2021-07-20,201,18,29,6,0,1,209,4,53,67,2,36,259,50,43,129,27,15,406,46,111,174,23,83,282,33,29,36,9,9,67,3,14,7,0,2,410,60,39,80,14,24,536,92,150,172,56,106,265,47,41,57,17,31
2021-07-21,201,18,29,6,0,1,199,5,53,67,2,35,259,52,43,108,27,22,400,49,109,174,27,81,282,33,29,41,10,9,67,3,14,4,0,2,411,61,39,74,12,23,536,92,145,160,53,107,264,47,42,54,20,30
2021-07-22,201,18,29,6,0,2,199,4,53,65,2,35,259,52,43,124,27,28,400,46,109,174,22,79,282,34,29,38,4,10,67,3,14,3,0,2,410,61,39,74,12,23,534,96,144,170,45,107,273,48,42,50,21,32
2021-07-23,201,18,29,6,0,2,199,4,53,66,2,30,286,50,47,120,30,23,400,46,109,187,21,81,282,33,29,38,8,10,67,3,14,2,0,2,408,61,39,73,11,20,534,89,142,168,46,100,264,47,43,51,19,33
2021-07-24,201,18,29,5,0,2,199,4,53,68,2,25,288,50,47,126,26,23,404,46,107,175,25,79,282,33,29,38,13,11,67,3,14,3,0,2,407,62,39,72,11,20,539,89,145,181,42,109,264,47,43,55,17,31
2021-07-25,178,18,29,2,0,2,197,4,53,66,2,20,293,50,47,120,26,24,402,46,107,163,23,78,282,33,28,37,13,11,67,3,14,3,0,2,407,62,39,74,11,19,539,87,145,175,40,107,264,47,43,53,17,31
2021-07-26,178,18,29,2,0,2,194,4,53,64,2,24,298,50,48,118,25,24,401,47,106,152,22,77,282,33,28,35,13,10,67,3,14,3,0,2,406,62,39,74,10,19,539,85,144,173,38,103,263,47,43,52,18,30
2021-07-27,177,18,29,2,0,2,192,4,53,63,2,26,303,50,48,117,26,26,399,48,105,138,20,78,282,33,27,33,14,10,67,3,14,3,0,2,405,61,39,76,10,19,539,83,142,166,37,99,263,48,43,51,17,29
2021-07-28,177,18,29,3,1,1,190,4,53,61,2,30,307,50,48,113,28,27,386,48,101,123,19,75,282,33,26,34,13,10,67,3,14,4,0,1,405,61,39,76,11,18,541,81,142,162,38,97,263,49,42,48,19,28
2021-07-29,176,18,29,3,1,1,187,4,53,60,2,33,312,50,49,106,26,27,385,48,100,111,17,74,282,33,26,32,13,9,67,3,14,4,0,1,404,61,39,77,10,17,541,79,142,157,36,94,262,49,42,46,20,27
2021-07-30,176,18,29,3,1,1,185,4,53,57,2,35,317,50,49,105,27,28,383,49,100,100,16,73,282,33,25,31,13,9,67,3,14,3,0,1,403,61,39,77,10,17,541,77,141,154,34,91,262,49,42,45,20,27
2021-07-31,175,18,29,3,1,1,185,4,53,51,2,33,320,52,53,108,27,28,410,48,95,129,15,70,282,33,25,30,14,8,67,3,14,2,0,2,403,61,39,78,7,16,540,77,141,156,35,91,264,41,42,42,23,27
2021-08-01,175,18,29,4,1,1,185,4,53,48,2,30,320,50,55,99,27,28,437,46,93,158,13,68,282,33,25,31,13,7,70,4,15,2,0,2,402,61,39,69,7,17,539,80,141,135,40,98,264,47,41,40,20,27
2021-08-02,175,18,30,4,0,1,185,4,53,47,2,29,314,47,53,87,27,27,430,46,91,152,15,66,282,33,25,33,16,8,70,6,15,2,0,2,401,61,39,61,7,16,535,78,141,125,36,100,264,49,41,34,15,28
2021-08-03,175,18,30,3,0,1,185,4,55,40,2,30,290,49,50,72,29,24,430,46,90,147,16,68,282,33,25,30,15,9,70,6,15,3,0,2,401,61,39,67,11,13,530,77,141,99,37,98,264,49,41,34,16,27
2021-08-04,175,18,30,4,0,0,187,4,53,38,2,27,267,43,49,80,26,24,428,46,90,151,18,63,282,30,25,28,16,9,70,6,15,4,0,3,400,60,39,59,15,13,501,77,142,125,39,92,264,48,42,36,11,27
2021-08-05,175,18,30,4,0,0,187,4,53,34,2,24,257,47,49,78,25,23,427,46,90,139,19,62,267,33,25,29,16,8,70,6,15,4,0,2,387,59,41,66,14,14,481,77,142,128,40,90,267,48,44,33,13,26
2021-08-06,175,18,30,4,0,0,189,4,58,30,2,29,267,45,49,82,24,20,431,46,93,142,18,66,282,33,24,23,16,8,70,6,15,3,0,2,387,59,41,67,12,14,485,75,142,123,30,86,248,47,47,34,13,26
2021-08-07,175,18,29,4,0,0,190,4,56,31,2,25,267,47,49,84,23,21,432,46,93,146,15,65,282,33,24,16,16,9,70,6,15,3,0,2,392,59,41,55,12,17,485,75,143,109,35,88,259,50,50,35,13,30
2021-08-08,175,18,28,5,0,0,188,4,55,35,2,24,263,47,50,83,21,21,434,46,92,144,18,66,282,33,25,6,14,9,70,6,15,4,0,2,396,60,41,63,14,16,482,75,143,107,33,88,259,51,52,36,13,34
2021-08-09,169,18,28,6,0,0,187,4,53,35,2,22,267,45,50,86,23,19,430,46,90,146,18,66,282,33,25,16,16,10,70,6,15,4,0,3,400,61,41,64,16,14,478,75,143,102,32,88,259,51,52,36,7,32
2021-08-10,169,20,28,7,0,0,187,4,53,29,3,23,267,43,45,82,18,20,430,46,90,146,20,61,282,33,24,19,15,11,70,6,15,4,0,3,405,61,41,69,15,16,452,75,143,93,35,89,259,51,52,38,8,31
2021-08-11,169,22,28,8,0,0,180,4,53,32,3,21,286,50,47,96,22,19,430,46,90,146,23,60,282,33,24,18,16,9,70,6,15,4,0,3,405,68,48,73,12,19,427,74,145,107,27,92,260,50,53,43,9,27
2021-08-12,169,22,28,8,0,0,173,4,53,36,3,21,276,43,47,77,27,17,430,49,90,144,21,61,270,33,24,17,17,9,67,4,14,5,0,3,405,61,41,70,9,15,426,74,139,83,31,91,255,50,53,42,11,26
2021-08-13,169,20,28,9,0,0,167,4,51,38,3,22,263,51,43,76,31,16,430,46,85,136,21,62,270,33,24,18,15,12,67,3,14,6,0,3,405,61,41,64,10,12,392,74,139,98,34,87,259,50,53,48,14,23
2021-08-14,169,18,28,9,0,0,177,4,53,40,3,23,262,53,43,79,30,15,438,46,89,131,22,60,270,33,24,16,15,12,67,3,14,5,0,3,405,61,41,57,8,11,359,74,136,96,33,85,259,50,52,49,15,23
2021-08-15,169,18,28,7,0,0,180,4,52,46,3,21,260,51,43,78,27,15,442,46,91,134,20,62,270,33,24,17,13,13,67,3,14,5,0,3,405,61,41,48,8,10,356,74,139,89,30,82,259,51,52,54,15,24
2021-08-16,169,18,28,9,0,0,185,4,52,50,3,21,259,52,43,77,26,17,411,41,88,129,20,60,256,30,23,17,14,13,67,3,14,5,0,3,405,61,41,55,8,11,356,74,139,93,28,82,259,50,52,51,15,25
2021-08-17,169,18,28,8,0,1,190,5,52,52,3,19,258,53,43,72,27,18,381,36,85,124,18,57,242,26,23,17,16,12,67,3,14,5,0,2,405,61,41,61,7,10,355,74,139,92,28,81,240,46,47,43,14,21
2021-08-18,169,18,28,7,0,1,193,5,52,53,3,20,261,56,46,76,24,15,350,31,84,116,18,56,242,26,23,16,17,12,67,3,14,5,0,2,405,61,41,57,8,9,355,66,134,81,32,75,240,46,42,41,15,24
2021-08-19,169,18,28,7,0,1,195,5,52,56,3,20,261,56,46,74,24,15,354,31,83,118,17,55,240,26,23,16,17,12,67,3,13,5,0,2,405,60,41,56,8,9,353,59,134,80,32,75,240,46,42,40,15,27
2021-08-20,169,18,28,7,0,1,193,5,52,58,3,19,259,54,47,71,23,18,358,31,84,121,17,54,239,26,23,18,16,11,67,3,13,4,0,2,405,60,41,55,8,10,351,59,133,81,31,73,238,46,41,42,15,27
2021-08-21,169,18,28,6,0,1,195,5,51,61,2,17,258,54,47,67,20,18,363,31,82,125,16,54,236,26,23,18,16,11,67,3,12,3,0,2,405,60,41,54,7,10,348,58,133,77,31,71,237,47,40,41,14,25
2021-08-22,169,18,28,6,0,1,198,5,51,62,3,16,256,54,47,64,20,18,368,31,82,127,16,54,235,26,23,19,15,10,67,3,12,3,0,2,405,60,41,55,7,9,348,58,132,77,30,71,236,47,39,40,13,25
2021-08-23,169,18,28,6,0,1,201,5,51,65,3,16,256,52,49,60,19,19,371,31,83,133,15,53,233,26,23,18,15,10,67,3,11,3,0,2,405,60,41,53,7,9,345,57,133,77,29,70,236,47,39,40,14,23
2021-08-24,169,18,28,7,0,1,202,5,51,68,3,17,255,51,49,58,18,20,374,31,84,136,14,52,231,26,24,17,15,11,67,3,11,3,0,1,405,60,41,52,7,10,344,57,132,76,31,67,235,47,39,38,14,21
2021-08-25,169,18,28,7,0,1,204,5,51,69,3,16,253,51,50,56,17,21,379,31,83,138,14,53,230,26,24,18,14,10,67,3,11,3,0,1,405,60,41,51,7,9,340,57,132,75,31,66,234,47,38,40,14,21
2021-08-26,169,18,28,6,0,1,207,6,51,72,3,14,252,50,50,51,15,21,384,31,81,142,13,52,227,26,24,18,14,10,67,3,10,2,0,1,405,60,41,50,6,9,339,56,131,72,31,64,232,48,37,39,13,19
2021-08-27,169,18,28,6,0,1,210,6,51,75,3,14,253,49,50,47,15,22,388,31,82,144,13,50,226,26,24,20,13,9,67,3,10,2,0,1,405,60,41,49,6,10,338,56,130,71,30,63,230,48,36,39,13,19
2021-08-28,169,18,28,6,0,1,212,6,50,77,3,14,250,49,51,47,14,23,392,31,81,146,12,50,224,26,24,20,13,9,67,3,9,2,0,1,405,60,41,49,6,9,356,58,142,78,29,69,230,48,36,39,12,18
2021-08-29,169,18,28,6,0,1,214,6,50,80,3,12,238,58,50,43,12,23,396,31,82,155,12,51,223,26,24,18,12,10,67,3,9,2,0,1,403,60,41,48,5,9,355,58,153,77,27,75,231,48,36,40,12,18
2021-08-30,169,18,28,5,0,1,217,6,50,82,3,11,228,66,51,40,12,22,401,31,80,162,12,51,223,26,24,14,12,11,67,3,8,2,0,1,400,60,41,46,3,8,353,58,153,78,26,73,232,48,36,40,12,16
2021-08-31,169,18,28,4,0,1,226,6,50,87,3,10,219,75,54,39,12,23,405,31,80,171,12,52,222,26,24,12,11,12,67,3,8,2,0,1,398,59,41,44,2,8,350,58,153,76,24,72,233,48,36,43,12,16
2021-09-01,169,18,26,4,0,1,234,6,50,87,3,10,219,84,54,33,13,22,408,31,78,170,13,46,222,26,24,14,12,12,67,3,11,2,0,0,398,59,41,41,4,6,348,58,153,80,24,65,232,50,36,40,12,13
2021-09-02,169,18,26,3,0,1,234,6,50,79,3,10,220,81,55,29,13,23,403,31,83,173,12,42,221,26,24,16,12,13,67,3,14,2,0,0,383,59,41,36,3,5,339,58,144,79,23,61,232,50,36,37,13,11
2021-09-03,169,18,26,3,0,1,234,6,50,84,2,10,247,62,49,31,12,24,416,31,77,173,11,40,230,26,24,17,12,14,67,3,14,1,0,0,405,59,41,34,4,5,337,59,144,72,24,57,243,50,36,35,9,10
2021-09-04,169,18,26,3,0,1,234,6,50,79,2,10,248,43,49,31,12,24,420,31,71,174,12,39,229,26,24,17,13,14,67,3,14,1,0,0,405,59,41,31,4,5,334,59,142,69,23,55,242,50,36,36,10,11
2021-09-05,169,18,26,2,0,1,234,6,50,70,3,9,248,42,49,29,12,25,423,31,69,176,13,37,228,26,24,17,15,12,67,3,14,1,0,0,405,59,41,32,4,6,331,59,140,66,21,53,242,50,36,35,12,10
2021-09-06,169,18,26,2,0,1,234,6,50,65,4,9,249,42,49,30,12,25,427,31,68,177,14,37,227,26,24,17,16,12,67,3,14,1,0,0,405,59,41,29,4,6,344,59,144,63,20,51,242,50,36,35,13,11
2021-09-07,167,18,26,2,0,1,234,6,50,66,3,9,249,42,49,29,14,22,408,31,69,174,16,34,229,26,24,15,15,13,67,3,14,0,0,0,380,59,41,27,4,7,339,58,141,61,19,45,238,50,35,30,11,11
2021-09-08,166,18,26,2,0,1,249,6,50,70,2,7,249,42,49,31,14,19,388,31,70,171,17,31,230,26,24,15,14,14,67,3,14,1,0,0,355,59,41,27,4,8,334,58,140,66,19,45,234,49,34,25,8,11
2021-09-09,164,18,26,2,0,1,264,6,48,70,2,8,249,42,49,31,13,19,392,31,69,176,16,33,230,26,24,24,15,15,66,3,14,1,0,0,357,59,41,26,4,7,335,57,138,61,19,44,237,49,34,25,8,10
2021-09-10,163,18,26,2,0,1,264,6,46,70,3,10,249,42,49,31,13,18,395,31,69,179,15,35,230,26,24,32,17,15,66,3,14,0,0,0,359,60,41,27,5,6,335,55,136,59,18,42,239,49,34,22,6,9
2021-09-11,161,18,26,2,0,1,264,6,44,71,3,11,249,42,49,31,12,18,396,31,67,182,14,37,230,26,24,41,18,15,65,3,14,0,0,0,360,60,41,28,5,5,335,54,134,55,18,41,242,49,35,21,6,8
2021-09-12,161,18,26,2,0,1,264,6,45,69,3,10,249,42,49,32,12,17,395,31,66,173,12,36,230,26,24,42,19,16,65,3,14,0,0,0,383,61,41,27,5,7,336,54,135,54,17,42,242,49,35,19,6,8
2021-09-13,161,18,26,2,0,1,263,6,47,64,3,10,249,42,49,31,10,17,394,31,65,166,11,37,230,26,24,42,20,17,65,3,14,0,0,0,404,61,41,26,4,8,353,54,141,57,16,43,242,49,35,18,7,9
2021-09-14,174,20,26,2,0,1,257,6,50,53,2,12,249,44,49,24,9,18,396,31,67,165,9,34,223,26,24,41,22,18,65,3,14,1,0,0,405,59,41,31,3,8,352,53,142,56,16,41,236,49,29,16,9,10
2021-09-15,174,20,26,2,0,0,243,6,50,55,2,12,249,43,49,22,11,16,396,31,68,164,9,33,219,31,24,39,17,16,65,3,14,0,0,0,405,59,41,34,3,8,352,52,141,56,15,40,236,49,28,15,6,11
2021-09-16,174,20,26,2,0,0,230,6,50,61,1,12,249,42,48,17,13,17,396,31,68,168,9,33,214,36,24,40,13,14,65,3,14,0,0,0,405,59,41,36,2,7,364,52,142,60,15,38,236,49,28,13,2,12
2021-09-17,174,20,26,1,0,1,223,6,50,63,1,12,249,42,48,17,15,16,396,31,67,172,12,30,213,36,24,46,20,13,65,3,14,0,0,0,403,59,41,35,2,7,389,54,154,62,22,40,224,48,28,13,2,10
2021-09-18,174,20,26,1,0,1,227,6,50,65,1,12,249,42,48,20,14,16,396,31,67,171,11,31,213,36,24,49,20,12,65,3,14,0,0,0,403,59,41,32,2,6,414,55,155,57,21,39,213,43,28,12,2,10
2021-09-19,174,20,26,1,0,0,231,6,50,67,2,11,249,42,48,21,14,14,396,31,69,172,12,30,213,36,24,50,20,12,65,3,14,0,0,0,403,59,41,29,2,5,386,58,157,53,18,38,213,37,29,12,0,11
2021-09-20,174,20,26,3,0,0,237,6,50,69,2,10,249,42,48,25,13,12,396,31,69,170,11,32,213,36,23,52,20,11,65,3,14,1,0,0,403,59,41,29,2,5,373,59,159,49,17,35,212,31,29,13,0,11
2021-09-21,174,20,26,3,0,0,242,6,50,70,2,10,249,42,48,28,12,12,406,31,69,180,10,30,213,36,23,55,20,11,65,3,14,1,0,0,403,59,41,25,2,3,362,60,160,45,16,34,211,26,29,12,0,11
2021-09-22,174,20,26,3,0,0,242,6,50,66,2,9,249,42,45,20,10,9,416,31,70,189,11,30,213,36,23,57,19,9,65,3,14,1,0,0,403,59,41,25,2,3,358,61,161,40,19,34,214,26,29,9,0,11
2021-09-23,174,20,26,3,0,0,242,6,50,62,1,12,249,42,48,27,10,13,394,31,72,164,11,28,213,36,23,48,16,8,65,3,14,1,0,0,402,59,41,23,1,2,362,63,161,39,18,35,214,26,29,11,0,13
2021-09-24,173,20,26,3,0,0,242,6,50,63,1,11,244,42,47,25,10,13,372,31,73,146,12,29,213,36,23,45,16,8,65,3,14,1,0,0,400,58,42,23,1,2,366,63,161,40,18,35,213,26,30,9,0,13
2021-09-25,173,20,26,1,0,0,243,6,50,62,1,11,238,41,45,22,13,12,351,31,74,131,12,28,213,36,23,43,15,8,65,3,14,2,0,0,397,58,44,23,1,0,368,63,160,36,19,36,213,27,30,9,0,12
2021-09-26,172,20,26,2,0,0,244,6,50,62,1,10,233,40,44,21,13,11,329,31,74,115,11,30,213,36,23,38,16,9,65,3,14,2,0,0,393,59,46,21,1,0,359,63,159,36,18,38,212,27,29,9,1,12
2021-09-27,171,20,26,2,0,0,244,6,50,63,1,9,228,40,43,18,13,11,307,31,76,97,12,30,213,36,23,35,15,9,65,3,14,2,0,0,391,58,47,21,1,0,390,66,162,39,18,39,212,27,30,8,1,12
2021-09-28,173,20,26,1,0,0,244,6,50,68,2,10,228,40,43,23,13,9,285,31,78,79,14,23,213,36,23,31,18,6,65,3,14,2,0,0,382,56,45,18,1,0,391,66,162,46,20,37,211,27,30,8,2,11
2021-09-29,174,20,26,2,0,0,244,6,50,65,2,9,228,40,43,22,13,10,285,31,74,77,13,30,213,37,22,28,14,7,65,3,14,2,0,0,381,56,45,21,1,3,393,66,165,52,18,39,211,27,30,9,1,12
2021-09-30,174,20,30,2,0,0,244,6,50,71,1,9,249,42,48,25,10,8,285,31,75,76,14,29,213,37,23,29,16,6,65,3,14,2,0,0,381,56,45,18,1,4,398,66,162,52,15,36,210,27,30,11,1,11
2021-10-01,174,20,35,2,0,0,254,6,50,68,1,9,249,42,48,23,9,7,295,31,76,70,13,36,200,37,23,24,17,6,37,3,12,0,0,2,380,56,45,19,1,4,391,67,158,51,19,44,210,27,30,9,1,11
2021-10-02,173,19,30,1,0,0,262,6,49,66,0,11,250,42,47,20,8,6,295,31,79,62,14,44,187,37,22,21,17,6,42,3,9,0,0,5,379,56,45,20,2,3,392,70,158,47,21,46,209,26,29,11,1,9
2021-10-03,173,19,26,2,0,0,273,6,48,63,0,11,250,42,47,19,9,5,295,31,79,56,13,45,193,37,22,16,18,6,47,3,9,0,0,4,378,56,45,21,1,3,393,71,159,46,25,44,209,26,29,10,1,9
2021-10-04,172,19,26,2,0,0,260,6,48,62,0,12,250,42,47,21,8,4,294,31,80,54,14,49,200,37,22,17,16,8,51,3,10,0,0,2,358,57,45,22,2,2,394,74,159,54,20,44,208,26,29,11,1,10
2021-10-05,172,18,26,2,0,0,248,6,45,65,1,9,220,42,43,21,6,9,286,33,81,65,14,46,206,37,22,15,13,8,56,3,10,0,0,1,357,57,45,22,2,2,394,73,158,57,20,43,208,26,29,14,1,9
2021-10-06,151,18,25,1,1,1,253,6,50,54,2,7,220,42,47,25,9,6,253,28,79,78,11,43,214,37,22,11,9,6,61,3,11,0,0,0,355,57,45,23,2,5,401,81,155,77,27,50,222,34,29,17,7,6
2021-10-07,151,18,25,0,1,1,253,6,50,53,2,3,215,42,45,32,6,6,220,22,80,61,11,46,213,37,22,10,5,5,61,3,11,0,0,0,351,57,45,23,2,4,401,81,153,85,34,58,222,41,29,14,8,2
2021-10-08,151,17,25,0,1,1,253,6,50,54,1,7,209,42,44,30,9,7,229,26,81,83,10,46,213,37,22,11,5,5,61,3,11,0,0,0,354,57,46,22,1,2,402,78,151,86,33,55,221,36,34,20,5,5
2021-10-09,150,17,25,0,1,0,247,6,50,58,1,10,227,42,44,27,8,8,234,31,80,50,12,47,213,37,22,13,11,4,61,3,11,2,0,0,354,57,46,23,6,4,402,75,158,62,23,48,206,26,29,13,1,7
2021-10-10,150,17,25,0,1,0,244,6,50,56,1,10,218,42,44,28,8,10,240,30,80,59,12,46,213,37,22,15,11,3,61,3,11,4,0,0,352,57,46,22,12,4,402,74,164,62,24,42,206,26,29,15,1,6
2021-10-11,149,18,25,1,1,1,248,6,50,52,1,9,209,42,43,33,8,10,226,30,79,91,11,44,213,37,22,13,9,6,61,3,11,1,0,0,362,59,48,29,17,4,398,75,163,79,34,43,221,36,34,16,1,7
2021-10-12,169,16,25,0,1,0,251,6,50,55,2,6,227,42,42,17,7,8,254,31,81,59,11,40,213,37,22,13,10,5,61,3,11,3,0,0,366,58,46,22,15,5,404,76,163,54,26,47,204,26,29,20,2,5
2021-10-13,168,18,25,0,1,0,245,6,50,54,2,8,227,42,41,16,13,7,253,31,80,65,11,35,213,37,22,13,12,5,61,3,11,2,0,0,366,57,46,23,14,5,404,78,162,58,25,45,202,26,29,16,2,7
2021-10-14,168,20,25,2,1,0,245,6,50,63,2,8,227,42,44,18,11,7,255,27,84,71,10,39,213,37,22,13,13,6,61,3,11,2,0,0,367,57,46,21,12,4,385,78,154,56,22,44,200,26,29,16,1,5
2021-10-15,154,20,25,2,1,0,247,6,50,58,2,7,252,42,44,19,8,7,256,27,83,67,10,41,200,37,22,12,12,6,32,3,9,0,0,1,363,58,47,20,11,4,370,79,150,53,21,54,200,26,29,14,0,4
2021-10-16,141,20,25,2,1,0,250,6,50,55,2,5,277,42,44,20,8,6,256,28,83,68,10,42,188,37,22,11,11,6,41,3,10,2,0,2,360,60,47,21,9,4,374,79,153,54,20,64,200,26,29,11,0,6
2021-10-17,141,20,25,1,1,0,250,6,50,55,2,9,252,42,44,18,9,6,255,28,83,68,11,39,194,37,22,11,10,8,50,3,11,3,0,1,349,60,47,20,8,4,378,78,154,56,24,59,200,26,29,12,0,6
2021-10-18,140,20,24,1,2,0,250,6,50,56,2,6,227,42,44,21,6,4,255,27,85,74,10,38,201,37,22,10,8,6,59,3,11,6,0,0,347,61,47,19,6,3,381,78,155,61,27,59,200,26,29,12,1,6
2021-10-19,146,20,24,1,2,0,242,6,50,50,2,6,217,42,44,25,6,5,255,34,85,68,11,35,207,37,22,9,7,5,60,3,11,5,0,0,354,61,46,18,5,3,384,77,156,68,22,61,200,26,29,10,1,7
2021-10-20,145,22,24,1,2,1,256,6,50,52,2,8,208,42,44,32,6,9,238,35,82,86,14,41,213,37,22,15,7,6,61,3,11,3,0,0,353,61,46,23,3,1,390,82,160,90,30,66,215,33,32,16,6,5
2021-10-21,145,21,24,1,2,1,259,6,50,49,2,10,215,41,41,28,6,10,222,35,81,108,17,38,213,37,22,21,7,8,61,3,11,3,0,0,353,61,46,23,3,0,397,86,157,103,38,67,215,40,34,21,12,4
2021-10-22,144,20,24,1,2,0,250,6,50,43,2,6,226,45,43,15,6,5,222,31,82,93,18,33,213,37,22,10,6,7,61,3,11,3,0,0,352,61,46,15,2,3,406,85,156,89,37,56,200,40,29,10,12,6
2021-10-23,144,21,24,0,2,1,252,6,50,56,1,10,209,42,44,34,6,11,222,25,82,108,15,40,213,37,22,25,10,10,52,3,9,3,0,0,354,57,42,24,3,1,404,84,161,113,37,66,215,40,34,20,13,8
2021-10-24,144,21,24,0,2,1,255,6,50,68,1,9,209,42,44,35,7,9,222,25,82,111,13,39,213,37,23,25,14,12,52,3,9,2,0,0,352,58,43,23,4,1,404,88,158,107,36,60,215,40,39,31,13,7
2021-10-25,144,21,24,1,2,1,253,6,50,75,2,10,209,42,44,37,8,9,226,25,83,108,15,42,213,37,23,24,15,12,52,3,10,4,0,0,352,60,45,21,5,0,457,88,158,114,33,59,217,38,40,23,16,9
2021-10-26,144,21,24,2,2,0,248,6,50,67,2,8,227,42,44,27,6,5,205,28,79,83,13,34,214,37,22,16,10,9,61,3,10,1,0,0,362,63,48,15,6,3,452,88,149,96,25,49,202,26,34,14,9,8
2021-10-27,136,20,24,0,2,1,248,6,50,59,1,9,227,42,44,30,5,6,206,28,75,58,12,27,213,37,22,7,6,9,61,3,11,1,0,0,352,61,46,16,6,3,461,88,149,94,29,49,202,26,29,18,2,7
2021-10-28,128,20,24,0,2,1,248,6,50,58,2,9,202,42,44,27,6,8,215,32,75,73,16,24,213,37,22,6,5,7,61,3,11,2,0,0,352,61,46,14,4,3,465,88,148,88,30,48,202,26,29,17,1,6
2021-10-29,144,20,24,0,2,1,248,6,50,54,2,9,209,42,47,29,6,9,215,37,77,76,12,29,213,37,22,7,5,6,61,3,11,1,0,0,352,61,46,15,2,4,465,87,148,87,31,52,193,26,29,17,2,4
2021-10-30,144,20,24,0,2,1,248,6,50,50,2,9,209,42,46,28,7,9,205,37,76,56,15,27,214,37,22,4,5,6,61,3,11,0,0,0,352,61,46,13,2,4,460,88,146,94,31,54,202,26,29,18,2,4
2021-10-31,144,20,24,0,2,1,245,6,50,53,2,9,209,42,45,26,8,9,210,37,77,69,13,28,213,37,22,4,4,8,61,3,11,0,0,0,352,61,46,10,2,5,457,88,146,90,31,51,203,26,29,15,2,4
2021-11-01,144,20,24,0,2,1,244,6,50,56,1,9,209,42,44,25,10,9,215,37,78,77,11,33,213,37,22,5,3,8,61,3,11,0,0,0,352,61,46,9,1,5,453,88,145,95,33,51,204,26,29,16,2,4
2021-11-02,144,20,24,0,2,1,244,6,50,59,2,9,209,42,44,25,10,10,215,37,79,79,11,35,210,37,22,5,3,8,61,3,11,0,0,0,352,61,46,9,1,6,450,88,145,93,34,54,205,34,29,18,3,4
2021-11-03,144,20,24,0,1,1,245,6,50,58,2,6,209,42,44,32,9,10,215,37,78,76,12,33,213,37,22,7,3,6,61,3,11,0,0,0,352,60,46,8,1,6,452,88,145,92,35,57,221,41,29,17,3,6
2021-11-04,144,20,24,0,1,1,246,6,50,56,2,6,208,42,44,32,9,10,215,37,79,80,13,36,213,37,22,8,4,5,61,3,11,0,0,0,352,60,46,16,1,5,443,87,151,99,36,62,221,41,29,15,5,4
2021-11-05,144,20,24,0,1,1,246,6,50,49,2,6,208,42,44,32,9,8,215,30,79,83,12,34,213,37,22,9,5,4,61,3,11,0,0,0,352,59,46,22,1,5,452,88,150,92,37,64,221,41,29,17,6,2
2021-11-06,144,20,24,0,1,1,250,6,50,50,2,6,208,41,44,31,9,8,217,23,79,85,11,34,213,37,22,9,6,4,61,3,11,0,0,0,352,59,46,22,1,4,451,88,149,94,37,64,221,40,30,17,6,2
2021-11-07,144,21,24,0,1,1,254,6,50,52,2,6,208,40,44,31,9,7,219,23,81,87,9,33,213,37,22,10,6,4,61,3,11,1,0,0,352,59,46,22,0,4,451,88,148,96,37,65,221,38,31,17,6,5
2021-11-08,144,22,24,0,1,1,257,6,50,54,2,8,209,38,44,32,7,8,221,22,81,90,9,35,213,37,22,11,6,4,61,3,11,1,0,0,352,58,46,21,0,4,449,88,147,98,34,65,221,37,33,16,6,6
2021-11-09,144,22,24,0,1,1,262,6,50,56,2,8,209,37,44,31,7,8,223,22,81,92,8,35,213,37,22,11,7,4,61,3,11,1,0,0,352,58,46,20,0,3,449,88,146,99,35,65,221,36,34,16,6,6
2021-11-10,144,22,24,0,1,1,262,6,50,58,2,8,209,39,44,31,7,8,224,23,81,97,9,35,212,37,22,12,7,4,61,3,11,1,0,0,352,57,46,22,0,3,450,88,146,105,37,65,220,36,34,18,8,7
2021-11-11,144,22,24,0,1,1,261,6,50,58,1,10,209,40,44,29,8,9,226,24,82,97,11,38,211,37,22,13,8,6,61,3,11,1,0,0,352,58,46,24,1,3,450,88,147,114,39,63,218,36,35,19,8,8
2021-11-12,144,22,24,0,1,1,261,6,50,60,1,10,209,42,44,29,8,9,227,25,82,102,12,38,210,37,22,14,8,6,61,3,11,1,0,0,352,58,46,26,1,3,450,88,147,119,40,62,217,36,35,21,10,9
2021-11-13,144,22,24,0,1,1,256,6,48,57,2,10,209,42,44,27,7,10,228,25,81,105,11,35,213,37,22,14,5,6,61,3,11,1,0,0,352,59,46,27,1,3,450,93,145,119,43,63,221,40,39,29,10,8
2021-11-14,143,22,24,0,1,2,257,6,48,66,2,9,209,42,44,29,6,10,213,25,81,84,9,32,213,37,22,15,6,7,61,3,11,2,0,0,352,59,46,28,1,3,450,89,145,122,39,61,221,40,39,29,7,7
2021-11-15,144,22,24,0,1,2,257,6,48,59,2,9,209,42,44,31,8,7,223,25,80,100,13,32,213,37,22,17,7,10,61,3,11,2,0,0,352,59,46,26,1,3,450,91,147,125,40,64,221,40,39,31,8,5
2021-11-16,144,22,24,1,1,1,250,6,48,57,2,8,209,42,44,39,9,8,226,25,80,115,11,34,213,37,22,19,8,13,61,3,11,2,0,0,352,59,46,26,2,3,454,91,146,129,40,71,221,40,39,30,7,5
2021-11-17,144,22,24,1,2,1,243,6,48,63,2,9,209,42,43,35,9,8,220,25,81,108,12,35,212,37,22,18,9,12,61,3,11,4,0,0,352,58,46,26,2,3,456,91,146,138,37,74,221,40,39,28,9,6
2021-11-18,144,22,24,1,2,1,244,6,48,58,2,9,209,42,43,35,10,10,220,25,81,109,12,36,212,37,22,23,8,12,61,3,11,4,0,0,352,58,46,24,2,2,454,92,149,136,38,78,221,40,39,25,10,5
2021-11-19,144,22,24,1,2,1,245,6,48,57,2,8,209,42,43,33,10,11,221,26,81,110,14,38,211,37,22,26,8,12,61,3,11,5,0,0,352,57,46,23,3,1,454,92,152,135,40,79,221,40,39,22,12,5
2021-11-20,144,22,24,1,2,1,245,6,48,58,2,8,209,42,43,36,10,11,221,26,81,112,13,38,211,37,22,25,9,11,60,3,11,5,0,0,352,57,46,23,3,1,452,94,152,133,39,81,221,40,39,22,13,6
2021-11-21,144,22,24,1,2,1,246,6,48,56,2,8,209,42,43,36,10,11,222,25,81,111,14,38,212,37,22,24,10,9,58,3,10,6,0,0,352,57,46,23,4,1,450,94,153,135,38,80,220,39,39,23,14,8
2021-11-22,144,22,24,1,2,1,247,6,48,57,2,8,209,42,43,36,10,11,223,25,82,112,13,39,212,37,22,23,11,8,57,3,10,7,0,0,352,57,46,25,4,1,449,96,152,132,37,80,220,39,39,23,15,9
2021-11-23,144,22,24,1,2,1,249,6,48,57,2,9,209,42,44,37,8,10,224,23,83,113,13,42,212,37,23,22,12,8,56,3,10,7,0,0,352,56,46,21,4,0,448,98,154,134,35,82,220,39,40,28,15,11
2021-11-24,144,22,24,1,2,1,249,6,48,59,2,9,209,42,44,40,8,10,224,23,83,113,12,42,212,37,23,21,13,7,55,3,10,7,0,0,352,56,46,21,4,0,448,100,154,134,34,83,220,39,40,28,16,12
2021-11-25,144,22,24,1,2,1,250,6,48,58,2,8,209,42,44,40,8,10,225,22,83,113,13,43,213,37,23,19,14,5,53,3,9,9,0,0,352,56,46,20,5,0,446,100,155,136,33,82,219,38,40,29,17,14
2021-11-26,144,22,24,1,2,1,250,6,48,59,2,8,209,42,44,41,8,10,225,22,83,113,12,43,213,37,23,18,15,4,52,3,9,9,0,0,352,55,46,20,5,0,445,102,154,133,32,82,219,38,40,29,18,15
2021-11-27,149,22,24,1,2,1,250,6,48,59,2,7,209,42,44,42,8,10,225,22,83,112,13,43,213,37,23,23,14,7,52,3,9,8,0,0,348,55,46,22,4,0,450,105,158,135,38,88,219,38,40,29,19,12
2021-11-28,154,22,24,1,2,2,250,6,50,58,2,8,209,42,44,41,8,11,227,22,82,115,14,42,213,37,23,26,14,8,52,3,9,9,0,0,345,55,46,25,5,1,456,101,160,137,36,90,219,38,40,28,14,9
2021-11-29,151,22,24,1,2,1,250,6,51,65,2,9,209,42,44,43,8,14,228,22,82,114,13,42,213,37,23,25,15,8,52,3,9,8,0,0,341,55,46,28,5,3,456,109,166,136,37,96,219,38,40,28,16,10
2021-11-30,153,22,23,0,2,1,245,8,53,59,1,9,209,42,44,40,7,9,223,22,82,107,12,41,213,37,22,28,15,10,52,3,9,7,0,1,339,55,46,29,5,4,454,109,166,129,36,100,219,40,40,25,17,10
2021-12-01,155,22,24,0,2,1,245,10,54,59,0,10,206,42,44,43,9,15,222,25,81,103,13,42,213,37,22,27,16,9,52,3,9,6,0,2,334,55,46,31,6,3,452,109,166,137,38,101,221,38,40,25,14,11
2021-12-02,155,22,29,1,2,1,245,9,55,55,1,10,206,42,44,43,9,15,225,25,81,109,12,41,213,37,22,27,18,8,52,3,9,6,0,2,343,56,46,36,3,4,465,106,166,131,39,95,221,38,40,26,15,12
2021-12-03,155,22,29,0,2,1,246,8,56,58,2,10,206,42,51,49,7,15,223,25,81,104,14,42,212,37,22,26,11,7,52,3,9,4,0,2,352,57,46,40,3,4,467,105,166,134,39,95,221,44,40,32,15,13
2021-12-04,155,22,29,0,2,0,246,7,53,57,2,10,206,42,48,50,9,18,221,26,82,97,15,39,207,37,22,26,8,7,52,3,9,6,0,2,352,57,46,38,3,4,462,104,164,138,41,92,221,44,40,33,16,14
2021-12-05,155,22,29,0,2,0,245,7,49,49,2,8,206,42,48,52,8,17,221,26,83,95,15,41,207,37,22,24,8,7,52,3,9,6,0,2,352,57,46,35,4,4,476,108,167,138,38,90,221,44,40,31,17,15
2021-12-06,155,22,29,0,2,0,245,6,46,46,1,9,206,42,48,52,9,17,220,25,83,91,12,39,212,37,22,27,10,5,46,3,9,6,0,1,352,57,46,30,3,5,467,107,167,134,45,90,221,44,40,33,17,14
2021-12-07,159,22,24,0,2,1,245,5,46,52,1,9,206,42,47,51,9,15,221,26,83,99,14,39,212,37,22,23,8,5,46,3,11,3,0,1,352,57,46,26,2,6,475,108,165,158,42,97,221,44,40,41,15,14
2021-12-08,163,22,29,0,2,1,244,5,46,53,2,9,206,42,47,46,8,12,221,26,83,94,14,36,212,37,22,28,8,6,46,3,9,8,0,1,362,59,48,30,1,6,477,108,164,158,38,100,221,44,40,46,13,14
2021-12-09,167,23,32,3,2,1,233,7,46,59,2,10,205,39,44,48,11,15,221,28,83,98,17,37,212,37,22,27,6,7,46,3,9,11,0,1,352,57,46,32,1,6,482,110,172,161,42,101,221,44,40,44,15,17
2021-12-10,155,22,29,4,2,1,233,9,46,52,2,10,205,39,45,55,10,11,221,25,83,106,13,37,212,37,22,18,8,8,46,3,9,10,0,1,352,57,46,30,1,6,478,110,172,161,53,99,221,44,40,47,14,16
2021-12-11,135,22,29,4,2,1,234,8,46,47,2,10,205,38,45,54,10,12,221,21,83,110,8,38,212,37,22,18,9,8,46,3,9,10,0,2,350,57,46,29,0,6,496,110,167,170,48,96,221,44,40,45,15,16
2021-12-12,155,22,29,4,2,1,234,6,46,45,2,7,206,37,44,53,10,14,211,25,83,92,7,38,212,37,22,18,9,7,46,3,9,14,0,2,350,57,46,28,1,6,498,116,172,177,48,95,221,46,40,41,14,15
2021-12-13,157,22,29,4,2,2,235,5,46,53,2,9,208,39,46,55,12,14,221,25,84,122,13,43,212,37,22,17,8,8,46,3,9,13,0,2,350,57,46,26,1,7,500,117,171,190,49,103,221,45,40,38,18,17
2021-12-14,157,22,28,2,2,1,235,5,46,53,2,10,201,40,47,60,10,14,221,32,85,120,12,42,203,37,22,17,9,9,46,3,9,13,0,2,350,57,46,27,2,6,497,116,169,184,48,105,221,44,40,40,18,20
2021-12-15,157,22,28,2,2,2,236,5,46,61,3,10,193,40,47,54,12,15,221,28,83,118,15,42,212,37,22,15,8,8,47,3,9,15,0,3,350,57,46,27,3,6,500,117,170,197,51,103,221,44,40,40,16,22
2021-12-16,157,22,28,2,2,2,236,5,46,64,3,11,193,40,47,53,13,15,222,25,83,115,14,43,212,37,22,17,8,9,49,3,9,16,0,3,350,57,46,30,4,2,502,118,172,201,53,101,213,44,40,37,17,19
2021-12-17,158,22,28,3,2,2,235,5,46,60,3,12,193,40,47,47,11,16,222,25,83,120,14,42,212,37,22,17,10,10,49,3,9,19,0,3,350,57,46,34,5,5,505,118,174,211,50,98,221,44,40,36,21,20
2021-12-18,158,22,28,3,2,3,235,5,46,52,3,12,193,40,47,42,11,15,212,26,83,103,15,37,212,37,22,14,13,11,49,3,9,20,0,2,350,57,46,33,5,6,505,118,172,229,57,106,221,44,45,42,19,24
2021-12-19,158,22,28,4,2,3,235,5,46,57,2,12,193,40,47,45,12,15,222,25,83,116,19,35,212,37,22,11,14,10,49,3,9,22,0,3,349,56,46,29,5,6,506,117,169,221,62,104,227,44,45,45,13,25
2021-12-20,158,22,28,4,2,3,236,5,46,57,2,13,192,44,43,48,15,14,222,26,82,119,20,41,212,37,22,11,13,11,49,3,9,23,0,2,349,56,46,29,5,8,511,114,172,232,58,102,227,44,45,53,13,26
2021-12-21,158,22,28,4,2,2,224,5,44,51,1,12,193,44,43,52,14,11,225,26,82,127,20,40,212,37,22,10,10,11,49,3,9,21,0,2,349,55,46,29,5,8,519,120,178,242,56,114,227,44,45,54,12,24
2021-12-22,158,22,28,3,2,2,230,5,46,62,1,10,193,41,47,59,13,16,221,29,83,117,23,36,202,37,22,15,12,10,48,3,9,17,0,2,349,56,46,27,5,8,513,120,183,228,62,115,230,47,45,50,14,24
2021-12-23,158,22,28,7,2,3,230,5,46,62,2,15,193,44,47,51,15,18,221,27,82,114,19,44,191,37,22,14,11,9,48,3,9,14,0,2,350,57,47,28,4,8,520,120,184,243,57,119,218,46,46,48,16,29
2021-12-24,158,22,28,3,2,3,230,5,46,66,1,14,193,44,47,52,15,17,221,25,78,109,15,39,212,37,22,17,11,9,48,3,9,10,0,2,349,56,46,27,4,9,525,120,184,238,54,124,222,46,46,47,19,24
2021-12-25,158,22,28,3,2,3,230,6,46,64,1,13,191,44,47,55,15,17,221,25,78,115,15,40,210,37,22,18,11,10,48,3,9,11,0,2,349,56,46,29,4,9,534,120,184,251,56,124,224,46,46,45,18,25
2021-12-26,158,22,28,4,2,2,230,7,46,63,2,13,189,44,48,54,13,15,222,25,78,120,15,43,208,37,22,19,12,11,48,3,9,11,0,2,349,56,46,31,4,10,539,122,184,258,59,124,226,46,46,41,17,28
2021-12-27,158,22,28,7,2,3,230,8,46,62,3,13,187,44,48,57,12,16,223,25,80,126,15,47,206,37,22,19,12,11,48,3,9,12,0,2,349,56,46,31,4,10,549,122,185,268,62,123,228,46,46,38,15,31
2021-12-28,156,20,28,7,0,3,230,9,46,60,3,13,185,44,48,60,11,16,223,25,80,132,15,49,204,37,22,21,13,11,48,3,9,13,0,2,349,56,46,33,4,10,555,122,185,279,63,123,230,46,46,37,14,32
2021-12-29,156,18,28,8,0,2,237,9,46,68,3,12,185,44,45,62,14,15,223,25,80,125,18,49,204,37,22,22,14,13,48,3,9,13,0,3,349,56,46,40,2,10,592,122,188,314,66,125,230,46,46,40,13,32
2021-12-30,156,18,28,9,0,2,237,9,45,67,2,12,191,44,45,66,18,15,228,26,79,123,18,50,203,37,22,21,13,14,48,3,9,14,0,3,348,56,46,42,2,10,613,121,191,350,65,126,230,47,47,43,13,31
2021-12-31,156,18,28,10,0,3,238,9,45,67,2,13,198,43,46,73,20,14,232,27,80,125,18,52,203,38,22,19,13,15,48,3,9,16,0,4,347,56,46,43,3,8,639,121,195,363,62,131,230,48,46,46,12,28
2022-01-01,156,18,28,8,0,3,238,9,45,66,3,14,194,43,47,72,21,15,236,27,81,125,19,55,203,38,22,19,13,15,48,3,9,14,0,4,346,56,46,45,4,7,642,119,195,372,59,127,230,49,47,52,15,24
2022-01-02,156,18,29,8,0,4,239,9,45,64,2,14,203,43,47,78,19,13,240,25,79,132,17,52,203,38,22,22,15,13,48,3,9,14,0,4,349,56,46,45,1,6,659,119,195,392,60,137,232,49,47,57,15,25
2022-01-03,156,17,29,8,0,3,241,9,45,52,1,15,217,43,48,79,17,12,244,27,80,146,19,51,203,38,22,19,21,12,48,3,9,14,0,4,349,56,46,52,1,6,683,117,191,406,57,138,223,49,47,49,12,29
2022-01-04,156,17,29,11,1,3,239,9,46,62,1,16,218,46,48,89,15,12,250,25,82,162,15,52,203,38,22,24,19,13,48,3,9,16,0,4,359,58,48,62,1,6,717,121,190,444,63,136,219,48,48,48,11,30
2022-01-05,156,16,30,11,0,3,240,9,46,68,2,17,226,46,48,98,19,14,251,30,81,162,19,51,202,38,22,32,18,14,46,3,9,14,0,4,346,56,46,65,3,7,721,121,196,482,60,143,227,48,48,47,12,30
2022-01-06,156,16,31,10,1,3,239,9,46,75,2,17,234,46,48,97,17,18,262,35,83,181,19,50,202,38,22,45,19,14,46,3,9,17,0,2,347,56,46,72,5,8,750,121,197,525,67,147,224,48,48,37,12,30
2022-01-07,156,16,31,13,1,3,240,9,46,69,2,17,232,46,48,101,19,20,270,30,85,194,19,53,208,38,22,52,21,13,48,3,9,20,0,2,346,56,46,77,5,10,767,120,203,511,60,150,224,48,48,35,14,35
2022-01-08,157,16,32,16,0,2,244,9,45,77,2,14,249,45,48,101,16,20,267,25,85,190,19,52,208,38,27,72,23,16,48,3,9,20,0,2,346,56,46,83,4,10,775,115,194,524,61,153,224,48,48,41,14,32
2022-01-09,157,16,32,18,0,2,244,9,44,81,3,13,261,44,47,100,20,21,265,26,86,183,19,56,209,37,27,92,20,18,48,3,9,21,0,3,351,56,46,84,6,10,784,109,200,541,66,154,225,48,48,41,15,33
2022-01-10,158,16,29,19,0,2,242,9,44,71,3,14,270,44,47,113,16,21,278,27,85,194,20,58,210,36,27,85,19,18,48,3,9,21,0,3,347,56,46,96,9,9,787,109,201,563,70,156,225,48,48,38,17,32
2022-01-11,161,16,26,23,0,2,242,9,45,70,4,15,278,43,47,119,13,24,290,28,90,203,20,62,210,36,27,91,22,19,48,3,9,21,0,3,365,56,46,109,10,12,803,109,202,544,69,160,228,48,48,36,18,32
2022-01-12,165,16,28,25,0,2,237,9,45,71,5,17,282,43,47,137,15,23,319,28,88,212,20,65,221,36,27,87,23,20,48,3,9,20,0,4,361,56,46,115,14,12,843,109,210,548,71,170,225,48,48,42,16,33
2022-01-13,169,16,30,25,0,3,241,9,45,72,5,15,281,42,46,144,15,24,319,28,90,208,21,63,232,36,27,92,25,17,48,3,9,17,0,4,354,56,46,118,19,16,883,109,208,541,66,178,228,48,48,46,16,33
2022-01-14,175,20,32,26,2,2,245,9,45,74,6,15,286,43,46,155,17,24,317,30,90,213,23,64,237,36,27,98,24,17,48,3,9,18,0,4,356,57,46,130,23,17,918,104,220,526,67,185,228,48,48,49,13,33
2022-01-15,172,20,32,24,3,2,258,9,45,75,6,17,293,44,46,161,21,24,315,29,89,213,20,61,234,36,27,93,21,19,48,3,9,19,0,4,357,52,46,141,27,20,953,112,220,508,77,183,227,48,48,49,10,34
2022-01-16,168,22,32,26,3,3,258,9,45,76,6,20,282,45,48,154,22,24,324,29,88,221,22,63,234,36,27,84,18,17,48,3,9,18,0,4,356,53,46,137,24,20,925,116,221,495,77,182,227,48,48,55,9,30
2022-01-17,164,20,32,28,3,3,257,9,45,82,6,20,277,46,48,151,25,22,326,31,88,220,23,55,234,36,27,81,23,17,48,3,9,17,0,4,362,58,48,135,23,20,952,109,229,494,68,181,227,48,48,61,13,27
2022-01-18,161,20,32,30,3,4,262,9,46,89,6,24,277,45,48,162,28,21,326,28,90,228,20,59,235,36,28,82,23,19,43,4,10,15,1,3,355,56,46,140,22,20,958,119,231,454,78,174,229,48,48,67,11,31
2022-01-19,161,20,32,32,3,6,265,9,46,99,5,24,280,45,48,167,29,23,344,29,91,235,22,63,234,36,27,89,24,20,45,6,11,12,1,4,359,56,46,134,20,21,935,129,232,428,87,168,229,48,48,68,15,30
2022-01-20,162,20,32,31,3,7,272,9,46,96,4,26,283,45,48,161,27,21,340,33,95,244,26,64,234,36,27,95,24,21,46,6,10,11,0,5,358,56,46,129,17,21,927,131,232,395,84,167,242,48,48,66,17,31
2022-01-21,164,20,32,32,3,7,278,9,47,95,3,25,286,45,47,159,23,17,336,36,98,254,28,67,234,36,27,102,24,22,48,6,9,8,0,5,355,56,45,128,16,23,920,132,232,361,81,167,254,48,48,64,18,33
2022-01-22,162,19,32,33,2,5,278,9,46,101,2,25,287,45,47,166,30,23,339,38,98,242,29,72,235,36,28,102,25,21,48,6,9,7,0,5,355,56,45,124,18,22,915,137,231,350,78,163,254,48,48,76,21,31
2022-01-23,160,17,32,30,2,6,278,9,46,106,3,29,284,45,47,169,28,25,337,37,98,240,26,72,234,36,28,105,24,23,48,6,9,8,0,5,355,56,45,120,18,23,913,139,229,334,73,154,254,48,48,72,19,31
2022-01-24,158,16,32,28,1,7,275,9,46,108,4,33,308,48,47,187,29,25,334,39,98,225,30,76,234,36,29,106,26,24,48,6,9,9,0,5,357,56,45,118,20,19,885,141,222,329,66,167,248,48,48,62,20,32
2022-01-25,158,16,32,24,2,7,277,9,46,103,5,34,328,49,47,200,30,26,331,40,98,223,31,73,234,32,29,94,25,24,48,6,9,9,0,5,355,56,45,119,20,19,871,137,214,290,58,160,251,48,48,58,19,32
2022-01-26,158,16,32,21,3,7,280,9,48,102,4,34,320,48,50,184,31,29,328,42,99,224,33,70,234,36,29,104,25,26,52,4,9,10,0,6,356,56,45,117,16,19,861,136,211,270,54,149,235,48,48,58,20,31
2022-01-27,158,16,32,17,3,8,270,9,48,96,2,30,313,49,53,166,36,28,333,44,100,228,36,63,234,36,29,92,22,24,48,3,9,11,0,6,355,56,45,107,17,14,855,133,210,242,49,148,235,48,50,54,21,31
2022-01-28,158,16,32,18,4,9,270,9,48,87,1,28,313,49,53,162,34,31,333,43,100,221,31,66,234,36,28,90,23,22,48,3,10,10,0,6,353,56,45,104,16,16,906,130,211,230,48,141,236,48,50,53,20,33
2022-01-29,158,16,32,19,3,8,271,9,48,93,2,33,313,48,54,165,29,30,341,42,100,213,33,70,234,36,28,88,23,21,48,3,11,11,0,6,355,56,45,106,14,18,904,127,212,224,48,140,222,48,50,53,21,33
2022-01-30,158,16,32,17,3,8,271,9,48,92,3,32,313,47,54,154,21,28,336,42,100,209,30,67,235,33,28,77,25,19,48,3,11,12,0,7,369,64,49,98,16,20,867,127,207,196,37,128,209,48,50,50,23,31
2022-01-31,158,16,32,19,2,8,270,9,48,80,4,32,313,47,54,143,26,26,337,40,99,213,26,64,234,36,28,72,21,19,48,3,11,12,0,7,356,56,45,95,15,22,859,124,204,188,39,131,209,50,50,44,23,27
2022-02-01,158,16,32,16,1,9,270,9,48,75,3,28,313,48,54,141,23,26,334,40,98,211,21,64,234,35,28,66,18,18,48,4,11,15,0,7,356,56,45,91,16,22,849,126,207,156,39,130,210,48,50,45,20,27
2022-02-02,158,16,32,14,1,8,259,9,47,73,3,25,314,48,54,125,24,26,324,40,97,208,25,65,234,36,28,54,17,19,48,6,11,14,0,6,357,56,45,91,18,20,833,120,207,146,42,128,192,48,50,46,16,31
2022-02-03,164,16,31,11,1,7,257,9,48,68,4,26,286,47,54,119,21,27,324,40,97,206,29,65,234,36,28,58,19,19,36,5,11,10,0,5,356,56,45,83,17,21,834,118,205,133,39,130,173,48,50,45,18,29
2022-02-04,164,17,32,8,2,6,258,9,48,64,4,22,286,45,55,99,19,25,324,43,98,186,32,60,234,36,28,51,16,18,36,5,11,8,0,5,366,58,47,82,16,20,826,122,201,114,38,126,168,47,49,36,18,28
2022-02-05,164,18,32,8,2,6,259,9,48,70,4,19,286,46,56,88,20,25,319,42,95,164,26,67,234,36,28,47,18,18,36,5,11,7,0,5,357,56,45,79,13,17,784,122,202,104,34,121,171,48,50,28,14,27
2022-02-06,164,19,32,7,1,7,259,9,48,66,4,21,286,46,56,87,18,26,314,41,96,151,25,65,234,36,28,47,17,16,36,4,11,6,0,5,354,56,45,75,11,15,771,117,196,107,34,115,172,48,50,25,18,24
2022-02-07,184,20,30,10,0,5,254,9,48,62,4,17,274,46,56,79,19,25,319,41,97,150,25,65,235,34,27,40,16,14,36,3,11,7,0,5,351,56,45,70,10,14,765,117,196,89,32,108,171,48,50,23,15,24
2022-02-08,184,17,29,9,0,3,253,9,48,58,4,19,274,46,56,68,21,25,324,41,98,142,21,64,234,32,26,36,15,13,36,3,11,7,0,6,341,56,45,65,12,9,744,113,195,77,32,99,159,48,50,20,14,23
2022-02-09,184,14,27,10,0,4,253,9,48,56,5,18,274,46,56,50,21,24,314,41,98,134,23,63,234,33,25,36,14,12,36,3,11,7,0,6,341,56,45,64,9,10,706,113,195,63,39,100,159,49,50,17,10,23
2022-02-10,180,18,28,9,0,5,253,9,48,50,4,18,263,46,56,55,20,23,309,41,99,124,23,62,234,34,26,34,13,10,36,3,11,7,0,5,341,56,45,58,6,9,667,114,194,56,34,103,159,49,50,15,12,24
2022-02-11,182,22,29,9,0,4,251,9,48,52,2,19,253,46,56,51,18,22,302,41,99,109,22,58,234,35,27,29,12,9,36,3,11,7,0,5,341,56,45,55,4,9,657,112,189,54,36,97,159,48,50,16,12,23
2022-02-12,184,22,30,8,0,4,249,9,48,55,1,19,242,46,56,47,19,22,297,41,98,97,23,55,234,36,27,25,11,9,36,3,11,6,0,5,341,56,45,55,3,9,647,111,187,54,35,94,159,48,50,14,10,20
2022-02-13,184,21,31,7,0,4,249,9,48,52,0,20,240,46,56,41,17,21,283,41,99,103,20,54,234,36,27,24,10,8,36,3,11,6,0,5,340,56,45,55,4,7,650,109,186,52,29,90,159,48,50,10,9,19
2022-02-14,184,21,32,6,0,4,249,9,48,48,1,18,236,46,56,36,16,18,270,41,99,107,17,54,234,36,27,24,9,9,36,3,11,6,0,4,340,56,45,55,5,7,651,107,185,53,26,87,159,48,50,9,8,19
2022-02-15,184,20,32,6,0,3,249,9,48,45,2,16,242,46,60,35,14,18,243,41,98,95,20,51,234,36,27,23,10,9,36,3,11,7,0,4,341,56,45,56,6,5,628,105,176,41,26,74,159,48,50,9,5,18
2022-02-16,178,18,32,5,0,4,249,9,48,49,2,14,242,46,54,35,13,17,241,41,93,96,19,46,234,36,27,22,8,8,36,3,11,5,0,4,342,56,45,50,7,1,640,103,167,37,24,62,159,48,50,5,6,17
2022-02-17,184,17,32,6,0,4,239,8,46,55,2,15,228,46,53,31,13,14,236,41,92,88,14,42,234,36,27,13,7,9,41,3,11,3,0,4,342,51,45,42,7,3,619,103,163,29,23,49,159,48,50,8,8,17
2022-02-18,184,18,32,6,1,3,238,7,47,58,1,12,228,46,55,31,10,15,232,41,93,83,19,44,234,36,22,12,5,10,41,3,11,3,0,4,342,52,45,34,5,2,586,103,157,25,24,45,159,48,44,8,6,18
2022-02-19,183,18,32,5,1,2,240,6,45,50,0,10,227,46,55,28,9,15,231,41,93,81,17,43,234,36,22,10,7,9,41,3,11,3,0,4,347,53,45,33,5,2,600,102,154,27,24,43,159,48,44,6,5,15
2022-02-20,181,19,32,5,1,3,240,6,44,44,0,10,227,46,55,26,9,15,231,41,91,77,18,42,234,36,22,10,7,8,38,3,10,3,0,4,352,55,45,35,5,3,614,102,152,32,25,43,159,48,45,5,5,13
2022-02-21,180,20,32,6,1,4,238,7,44,46,0,10,226,46,56,24,7,16,229,41,91,74,18,42,234,36,22,16,4,6,38,3,10,2,0,4,342,56,45,34,5,2,624,100,147,37,25,38,159,48,45,8,5,16
2022-02-22,180,20,32,6,1,4,240,8,44,46,0,10,225,46,55,22,7,16,229,41,91,75,17,40,234,36,22,15,3,7,38,3,10,2,0,4,342,56,45,30,4,2,611,100,143,34,20,34,159,47,45,9,4,15
2022-02-23,180,20,32,4,1,4,241,8,44,47,1,10,222,46,55,23,7,15,229,41,89,76,16,36,234,36,22,15,3,7,38,3,10,2,0,4,342,56,45,27,3,1,598,100,140,25,19,26,159,47,44,6,5,15
2022-02-24,180,20,32,4,1,4,243,9,44,47,1,10,221,46,54,23,7,16,229,41,89,76,16,34,234,36,22,14,2,8,38,3,10,1,0,4,342,56,45,22,3,1,585,99,136,22,15,23,159,46,44,7,4,14
2022-02-25,184,20,32,4,1,5,243,9,44,40,1,9,219,46,54,19,8,15,229,41,87,53,14,32,232,36,22,10,4,8,38,3,10,2,0,4,335,56,42,21,1,1,578,100,133,21,21,26,159,47,44,6,4,13
2022-02-26,164,20,32,5,1,5,242,9,41,34,1,9,218,48,54,17,8,14,229,41,89,73,14,28,234,36,22,11,4,8,38,3,10,2,0,4,336,56,43,16,1,1,560,97,132,21,23,26,159,48,44,6,3,9
2022-02-27,164,20,32,4,1,5,242,9,41,37,1,6,217,46,54,16,6,14,229,41,89,70,12,29,234,36,22,10,4,8,38,3,10,2,0,4,349,58,46,12,0,1,563,96,131,23,22,19,159,48,44,7,3,8
2022-02-28,164,20,32,3,1,4,241,9,40,34,1,6,210,46,54,15,7,14,229,41,89,61,11,25,219,36,22,15,4,7,38,3,10,1,0,4,341,56,45,13,1,3,542,91,118,21,23,23,159,48,44,7,3,7
2022-03-01,164,20,32,3,1,3,239,9,38,35,1,5,215,46,54,12,5,9,219,41,89,52,10,28,217,36,22,14,5,6,38,3,10,1,0,4,317,59,45,12,1,3,544,84,104,18,24,21,153,48,44,5,3,6
2022-03-02,164,20,32,2,2,2,238,9,37,41,1,3,215,46,54,15,6,14,229,41,90,66,10,27,217,36,22,11,5,6,38,3,10,1,0,4,342,56,45,11,1,2,546,84,104,24,19,21,153,48,44,5,1,5
2022-03-03,164,20,32,2,2,2,238,9,36,38,0,3,213,46,54,14,7,14,229,41,90,61,10,27,217,36,22,13,3,6,35,3,10,1,0,3,333,53,39,10,1,2,560,87,104,21,24,20,140,45,44,6,1,4
2022-03-04,164,19,32,2,2,2,238,9,36,37,0,1,212,46,54,11,7,12,231,41,89,65,10,27,217,36,22,13,3,5,35,3,10,2,0,3,331,53,39,9,2,0,576,91,112,23,23,20,127,43,43,7,2,4
2022-03-05,164,19,32,2,2,2,238,9,36,37,1,1,212,45,53,6,4,11,232,41,87,70,9,29,217,36,22,13,3,4,35,3,10,2,0,2,329,52,38,10,2,0,582,91,111,28,22,20,122,41,42,9,2,4
2022-03-06,164,18,32,5,2,2,236,9,36,39,2,1,208,45,53,7,4,10,219,41,89,68,4,28,217,36,22,10,4,4,35,3,10,2,0,2,307,52,38,12,0,0,577,91,112,22,21,22,115,39,40,8,2,5
2022-03-07,164,18,32,5,2,2,234,9,34,40,2,3,204,45,53,6,4,8,230,41,90,67,9,28,217,36,22,7,3,5,35,3,10,2,0,2,325,51,37,15,2,2,564,91,113,22,25,23,107,37,39,5,4,4
2022-03-08,164,15,32,4,2,2,234,9,34,41,2,4,201,45,53,7,3,8,230,41,90,67,8,28,217,36,22,6,3,4,33,3,10,2,0,2,323,51,37,14,2,2,525,91,113,22,22,20,99,35,38,4,3,4
2022-03-09,164,17,32,3,1,2,233,9,34,39,2,2,199,45,53,5,2,5,219,40,90,64,8,27,217,36,24,6,3,4,33,3,10,2,0,2,320,51,37,14,3,2,509,91,112,25,28,21,84,33,36,2,3,5
2022-03-10,161,16,32,3,0,2,233,9,34,41,1,3,197,46,52,7,2,5,209,38,90,60,9,26,217,36,24,6,3,3,33,3,10,2,0,2,320,51,34,15,3,3,518,89,111,21,27,21,85,31,35,3,3,4
2022-03-11,164,16,32,5,0,2,232,9,34,44,2,3,195,46,50,9,3,5,199,37,90,55,10,27,216,36,24,8,1,3,38,3,12,1,0,2,313,51,34,14,0,3,521,89,111,17,23,21,77,29,34,3,4,4
2022-03-12,164,16,32,4,0,2,234,9,34,45,2,3,170,46,51,6,3,5,189,41,90,29,12,26,217,36,24,3,2,3,38,3,12,1,0,2,317,51,36,12,2,4,522,89,109,42,25,21,92,33,36,2,4,4
2022-03-13,164,16,32,4,0,2,234,9,34,51,2,3,191,46,52,7,3,6,206,41,90,45,11,23,217,32,24,4,2,3,38,3,12,1,0,2,330,53,39,9,2,4,527,90,110,18,23,20,107,37,39,2,1,4
2022-03-14,164,16,32,3,0,2,234,9,34,44,2,3,200,46,53,15,4,5,201,37,90,61,10,19,208,29,24,5,3,3,38,3,12,2,0,1,320,51,37,8,3,4,529,91,114,15,24,20,119,30,33,2,1,4
2022-03-15,164,18,32,2,0,2,234,9,34,46,2,3,202,46,54,18,5,5,199,37,90,52,10,19,217,36,24,5,3,2,38,3,12,2,0,1,330,53,39,5,4,4,531,90,115,16,24,20,137,34,35,5,1,3
2022-03-16,164,20,32,2,0,2,234,9,34,46,2,4,177,46,54,5,1,5,199,37,90,50,12,18,217,36,24,7,3,2,38,3,12,1,0,1,330,46,37,9,3,2,527,90,115,17,27,16,137,34,35,2,1,4
2022-03-17,164,20,32,1,0,1,234,9,34,55,3,4,163,46,54,4,2,6,199,37,90,53,9,20,217,35,24,9,3,3,38,3,12,2,0,1,330,51,37,11,2,3,528,90,116,17,27,19,137,35,35,3,2,2
2022-03-18,164,20,32,1,0,1,234,9,34,58,2,4,163,46,54,4,2,6,199,32,90,56,11,19,217,36,24,6,3,4,38,3,12,1,0,1,330,48,39,10,1,4,531,84,107,27,22,15,137,35,34,4,2,2
2022-03-19,164,20,30,1,0,1,234,9,34,49,2,3,170,46,54,6,2,7,203,37,90,60,12,19,217,36,24,5,3,5,38,3,12,1,0,1,327,49,38,9,1,4,529,78,106,25,18,20,137,35,34,6,3,1
2022-03-20,164,20,29,1,0,1,234,9,34,40,3,5,173,46,54,7,1,7,202,37,90,57,11,20,217,36,24,5,3,4,33,3,10,2,0,1,323,50,38,10,1,5,517,78,108,21,20,20,137,34,35,4,3,2
2022-03-21,164,20,32,1,0,1,234,9,34,41,3,5,164,46,54,3,1,4,203,37,90,59,9,19,217,36,24,5,2,4,33,3,10,2,0,1,320,51,37,10,1,5,511,78,111,21,21,20,137,34,35,3,4,3
2022-03-22,164,22,32,1,0,1,234,9,34,39,2,6,161,46,54,4,3,6,201,37,89,52,8,14,217,36,24,6,2,4,33,3,10,2,0,1,305,48,37,8,3,4,508,74,108,19,21,19,137,34,35,3,4,4
2022-03-23,164,20,32,1,0,1,234,9,34,28,2,5,164,46,54,5,2,5,199,37,89,49,8,15,217,36,24,8,2,4,33,3,10,2,0,1,305,46,37,10,2,4,514,75,108,19,19,20,137,34,37,3,2,5
2022-03-24,164,20,32,1,0,2,234,9,34,40,3,3,170,46,50,7,1,6,199,36,86,45,9,21,217,36,24,9,3,3,33,3,10,2,0,1,305,51,37,10,2,4,513,75,106,21,18,21,137,34,37,2,2,6
2022-03-25,164,20,32,1,0,2,234,9,34,52,2,3,170,46,50,5,2,6,199,36,88,44,10,18,217,36,24,9,3,2,33,3,10,2,0,1,305,51,37,11,2,4,503,75,106,20,20,20,137,34,37,1,2,6
2022-03-26,164,20,32,1,0,1,234,9,34,50,2,2,170,46,50,4,3,5,199,37,90,43,10,17,217,36,24,10,3,2,33,3,10,2,0,1,305,51,37,10,1,2,493,75,106,19,22,19,137,34,37,1,3,5
2022-03-27,164,20,32,2,0,2,234,9,37,45,1,2,170,46,50,8,0,4,199,37,87,44,12,16,217,36,24,9,3,2,33,3,9,2,0,1,315,53,39,10,1,1,495,74,107,18,19,21,137,33,37,1,3,4
2022-03-28,164,20,32,2,0,2,234,9,34,45,1,2,170,46,50,3,2,2,199,37,90,43,12,16,207,32,24,10,3,3,33,3,8,2,0,1,298,51,37,12,1,1,505,72,106,19,20,20,153,36,37,1,2,4
2022-03-29,164,18,32,2,0,2,234,9,34,38,2,2,170,46,50,2,2,2,193,37,89,40,11,14,197,28,24,8,3,3,9,2,8,2,0,0,299,51,37,10,1,2,524,80,110,20,22,13,153,36,37,1,1,4
2022-03-30,162,17,30,5,0,2,234,9,34,39,2,1,170,46,50,2,0,2,189,37,89,49,8,13,188,28,24,7,3,3,9,0,7,1,0,0,309,53,39,10,1,2,520,79,108,21,20,13,153,36,37,1,1,4
2022-03-31,160,19,30,1,0,2,244,11,34,41,1,1,170,46,50,1,0,2,182,37,83,51,7,13,197,26,24,4,3,2,11,0,7,5,0,0,306,52,38,11,1,2,517,79,108,18,20,13,153,36,37,2,2,4
2022-04-01,162,20,28,1,0,2,244,13,34,45,1,2,170,46,50,0,0,1,153,37,88,39,6,12,188,28,24,3,3,4,11,0,7,5,0,0,299,52,38,13,0,1,508,70,96,18,20,13,153,36,37,2,2,3
2022-04-02,162,19,28,1,0,2,244,13,34,47,1,2,162,46,49,0,0,1,148,37,88,28,7,12,197,28,24,3,2,4,11,0,7,5,0,0,296,51,37,8,0,1,519,69,95,23,19,15,153,36,37,2,2,3
2022-04-03,162,17,28,1,0,1,244,13,34,46,1,2,169,46,49,0,0,1,143,37,88,15,8,11,188,28,24,4,2,3,11,0,7,4,0,0,296,51,37,7,1,0,530,68,94,21,20,15,153,36,37,0,1,3
2022-04-04,162,16,28,1,0,1,244,13,34,42,1,2,169,46,49,2,0,2,153,37,88,29,9,10,188,28,24,3,3,3,11,0,7,3,0,0,296,51,37,9,2,0,535,68,94,20,21,14,153,36,37,0,2,2
2022-04-05,162,16,28,0,0,1,244,13,34,40,1,2,169,46,51,3,0,2,153,37,82,30,8,10,188,28,24,3,5,2,18,0,9,3,0,0,295,51,37,8,2,0,533,68,94,20,20,15,123,32,37,4,3,2
2022-04-06,162,16,28,0,0,1,244,13,34,44,1,2,168,45,49,2,1,2,157,33,76,33,10,10,188,28,24,8,5,3,18,0,9,3,0,0,296,51,37,8,2,1,533,67,94,19,21,16,93,36,37,1,3,1
2022-04-07,162,16,28,0,0,1,244,13,34,48,2,2,168,45,49,2,1,2,157,33,75,36,7,10,188,28,24,4,5,2,18,0,9,2,0,0,296,51,37,8,3,2,519,66,93,19,20,16,93,36,37,1,3,2
2022-04-08,162,16,28,0,0,1,244,13,34,57,1,1,168,45,48,2,1,2,152,37,73,22,7,11,188,28,24,3,4,2,18,0,9,2,0,0,296,51,37,9,4,2,501,67,87,18,21,15,90,35,37,0,3,2
2022-04-09,160,15,28,0,0,1,234,13,32,50,1,2,167,44,46,1,2,0,147,37,73,7,7,11,188,28,24,3,4,2,17,0,9,2,0,0,296,51,37,10,3,2,498,67,87,20,19,15,88,35,36,0,3,2
2022-04-10,158,13,29,0,0,1,225,13,30,55,2,2,166,43,45,3,1,0,157,37,70,30,7,11,188,28,24,3,4,2,17,0,9,2,0,0,296,51,37,9,2,3,493,67,83,16,18,16,86,34,35,1,3,2
2022-04-11,156,12,30,0,0,1,223,13,30,59,2,2,166,43,45,3,1,0,157,37,73,32,8,10,188,28,24,5,4,1,16,0,9,3,0,0,278,49,37,5,3,2,499,66,87,17,13,13,86,34,35,0,2,2
2022-04-12,156,12,28,0,0,1,210,13,30,52,2,2,168,45,47,3,1,0,157,37,73,32,8,10,188,28,24,4,4,3,16,0,9,1,0,0,260,49,37,7,4,2,487,69,83,18,17,14,86,33,36,0,2,3
2022-04-13,156,12,28,0,0,1,198,13,26,63,2,1,175,40,48,4,0,0,157,37,74,32,9,11,188,28,24,5,3,0,16,0,9,1,0,0,260,49,37,6,4,3,488,68,87,21,22,13,86,33,36,1,2,1
2022-04-14,134,12,28,0,0,1,195,12,25,55,2,3,175,41,48,3,0,0,152,37,74,34,10,10,188,28,24,5,1,1,16,0,9,1,0,0,260,49,37,6,0,0,491,67,87,20,24,14,86,33,36,1,2,1
2022-04-15,156,12,30,0,0,2,193,12,25,58,1,3,175,40,47,0,0,0,150,38,70,3,8,4,189,28,24,5,1,1,16,0,9,1,0,0,260,49,37,6,2,2,489,67,87,18,24,14,86,33,36,1,2,1
2022-04-16,157,13,28,0,0,2,190,12,25,54,1,3,175,40,47,0,0,1,147,37,70,20,5,7,188,28,24,4,1,1,16,0,9,2,0,0,260,49,37,5,5,2,482,66,86,17,20,14,86,33,36,1,1,1
2022-04-17,157,13,28,0,0,1,188,12,25,52,1,2,175,40,47,0,1,1,148,37,70,36,10,10,188,28,24,4,2,1,16,0,9,2,0,0,244,44,37,5,5,1,482,67,86,18,20,16,86,33,36,4,0,1
2022-04-18,164,13,28,0,0,1,175,8,25,46,1,2,174,40,47,0,2,1,149,38,73,38,11,9,188,28,24,4,1,4,40,3,11,3,0,1,260,49,37,5,5,1,491,67,88,18,20,17,86,33,36,0,0,1
2022-04-19,164,14,28,0,0,1,173,8,25,51,0,2,173,40,46,2,2,1,147,37,73,34,10,8,188,28,24,5,2,2,39,3,11,3,0,1,260,49,37,5,5,0,491,66,88,18,22,18,86,33,36,0,2,0
2022-04-20,165,14,28,0,0,1,173,8,25,55,0,2,171,40,45,2,1,2,148,37,69,35,10,8,188,28,24,3,3,1,39,3,11,3,0,1,260,49,37,4,4,0,497,67,88,19,19,17,86,33,36,0,3,0
2022-04-21,165,14,28,0,0,2,172,8,25,56,0,2,171,40,45,1,1,2,147,37,72,39,10,4,188,28,24,2,4,1,41,3,11,3,0,1,244,44,37,3,4,0,479,67,88,21,18,17,86,33,36,0,2,0
2022-04-22,166,14,28,1,0,2,169,8,25,54,1,2,171,40,43,1,1,2,145,37,71,38,10,4,189,28,24,2,4,1,41,3,11,2,0,1,229,44,37,6,4,0,472,67,87,20,15,15,86,33,36,0,2,0
2022-04-23,166,15,25,1,0,2,165,8,25,52,2,2,171,40,43,1,1,1,143,37,67,33,10,4,189,28,24,3,4,1,41,3,11,2,0,1,222,44,34,6,4,0,469,65,87,20,9,15,86,33,36,0,1,0
2022-04-24,167,15,28,0,0,2,166,8,25,50,2,2,171,40,43,3,1,0,141,37,67,33,9,4,188,28,24,3,4,1,41,3,11,1,0,1,222,44,34,6,5,0,467,64,87,17,11,17,86,33,36,0,1,0
2022-04-25,167,15,28,2,0,2,166,7,25,54,2,2,171,40,43,3,1,0,143,37,71,34,8,5,175,28,24,3,4,3,41,3,11,1,0,1,221,44,34,4,5,0,472,62,83,15,15,17,86,33,36,0,0,0
2022-04-26,168,16,28,0,0,1,166,7,25,47,2,2,169,40,42,3,1,0,144,37,70,35,7,5,162,27,24,3,5,3,41,3,11,1,0,1,221,44,34,5,6,0,472,68,83,16,10,15,86,33,36,0,0,0
2022-04-27,168,16,28,1,0,1,165,7,25,55,2,2,169,35,42,16,1,2,148,36,70,39,8,6,162,26,24,3,5,2,41,3,11,1,0,1,221,44,34,5,6,0,472,68,83,17,16,14,86,33,36,0,0,0
2022-04-28,162,14,28,1,0,1,155,6,25,46,3,2,169,30,42,16,4,2,144,36,70,36,8,4,162,28,24,3,5,3,41,3,11,2,0,1,221,44,34,2,6,0,474,68,83,21,21,14,86,33,36,0,1,0
2022-04-29,162,12,28,1,0,1,154,6,25,57,2,2,169,32,41,17,1,2,145,37,72,32,9,4,163,28,24,3,5,3,41,3,11,2,0,1,221,44,34,2,5,0,474,68,81,19,25,14,86,33,36,0,1,0
2022-04-30,162,12,28,1,0,1,154,6,25,53,2,4,169,33,41,13,1,1,145,37,71,29,8,3,163,28,24,3,5,2,18,2,12,3,0,0,221,44,34,1,4,0,457,68,84,17,22,14,86,32,35,0,1,0
2022-05-01,162,12,28,2,0,1,153,5,25,48,2,5,169,35,41,11,1,1,145,37,69,28,7,3,163,28,24,4,5,2,18,0,12,3,0,0,221,44,34,1,4,0,453,68,88,15,18,15,86,31,34,0,1,0
2022-05-02,162,12,28,2,0,1,153,5,25,45,2,5,169,37,40,9,1,1,145,37,69,26,7,3,163,28,24,2,3,2,18,0,10,2,0,0,221,44,34,2,4,0,459,68,82,16,18,15,86,31,34,0,0,0
2022-05-03,162,12,28,2,0,1,152,5,25,39,3,5,169,38,39,4,2,0,145,37,72,18,7,4,163,28,24,2,4,3,18,0,9,2,0,0,221,44,34,2,4,0,457,68,82,18,25,16,81,33,36,0,0,0
2022-05-04,162,12,28,2,0,1,152,5,25,48,3,5,169,40,39,1,3,0,144,37,72,18,7,3,163,28,24,1,4,3,18,0,9,1,0,0,221,44,34,3,3,0,455,67,82,21,18,16,77,33,36,0,0,0
2022-05-05,162,12,28,1,0,1,152,5,25,44,3,4,157,31,40,1,3,0,144,37,72,17,7,2,163,28,24,3,4,3,18,0,9,1,0,0,221,44,34,4,4,0,449,64,80,21,19,15,86,33,36,0,0,0
2022-05-06,162,12,28,1,0,1,148,5,22,56,3,1,157,31,40,5,2,1,144,37,72,19,6,3,180,28,24,4,4,3,18,0,9,1,0,0,221,44,34,3,3,0,443,64,79,20,20,14,86,33,36,0,0,1
2022-05-07,155,12,28,1,0,1,144,5,20,53,3,1,157,31,40,8,2,1,145,37,69,17,6,2,196,28,24,4,4,3,18,0,9,1,0,0,221,44,34,3,3,0,444,63,78,21,14,14,86,33,36,0,0,0
2022-05-08,149,12,28,1,0,1,152,5,25,53,3,1,157,31,40,11,2,1,145,37,69,16,6,2,179,28,24,3,4,3,18,0,9,1,0,0,221,44,34,2,3,0,445,64,77,21,14,15,86,33,36,0,0,0
2022-05-09,138,12,28,1,0,1,152,5,25,48,3,2,157,31,40,17,1,1,146,37,72,16,6,2,162,28,24,2,4,6,18,0,9,1,0,0,221,44,34,2,4,0,458,60,76,19,18,15,86,33,36,0,1,0
2022-05-10,150,12,28,1,0,1,152,5,25,46,3,2,157,31,40,13,1,2,146,37,72,17,5,2,162,28,24,3,4,7,18,0,9,1,0,0,221,44,34,3,6,1,459,57,75,21,11,15,86,33,36,0,1,0
2022-05-11,162,12,28,1,0,1,156,5,25,45,2,2,157,31,40,14,1,4,146,38,72,16,5,2,162,25,24,6,4,6,18,0,9,0,0,0,221,44,34,4,6,1,459,56,74,29,11,15,86,33,36,0,1,0
2022-05-12,162,12,28,1,0,1,152,6,25,40,3,1,157,31,40,13,1,1,145,39,73,15,5,3,162,28,24,5,4,6,18,0,9,0,0,0,221,44,34,5,5,1,459,57,74,21,12,14,86,33,36,0,2,0
2022-05-13,162,12,30,1,0,1,152,5,25,39,3,1,157,31,40,12,0,2,145,40,73,15,5,4,162,28,24,5,4,6,18,0,9,1,0,0,221,44,34,5,5,1,456,57,74,24,12,15,86,33,36,2,2,0
2022-05-14,162,12,29,1,0,1,152,5,25,37,3,0,157,31,40,11,0,2,141,41,71,14,6,4,159,28,24,5,4,5,18,0,9,1,0,0,221,44,34,5,4,1,457,57,74,23,12,15,86,33,36,2,2,0
2022-05-15,162,12,29,1,0,1,152,5,25,35,2,0,157,30,39,10,0,2,137,42,70,14,6,4,155,28,24,5,3,4,18,0,9,1,0,0,221,44,34,4,4,1,460,57,75,22,12,14,86,33,36,2,2,0
2022-05-16,162,12,28,0,0,0,152,5,25,34,2,0,157,30,39,9,0,3,133,43,68,13,7,4,152,28,24,5,3,3,18,0,9,2,0,0,221,44,34,4,3,1,461,57,75,21,12,14,86,33,36,1,2,0
2022-05-17,162,12,28,0,0,0,152,5,21,35,2,0,157,29,38,16,0,3,145,44,70,13,5,3,162,28,24,6,3,5,18,0,9,2,0,0,221,44,34,5,2,1,461,57,75,20,12,15,86,33,36,1,2,0
2022-05-18,162,12,28,0,0,0,148,3,25,36,1,0,157,29,38,10,0,3,144,44,76,12,5,4,162,28,24,11,4,6,18,0,9,2,0,0,221,44,34,4,2,1,459,57,76,21,12,17,86,32,36,1,2,0
2022-05-19,162,12,28,0,0,0,148,3,25,29,0,1,208,27,47,41,0,7,143,44,70,12,4,4,162,28,24,5,4,5,18,0,9,2,0,0,221,44,34,4,3,1,457,58,75,22,13,17,85,32,36,1,2,0
2022-05-20,162,12,28,0,0,0,148,3,25,34,1,0,259,28,46,72,0,5,143,44,67,11,5,4,162,28,24,7,4,5,18,0,9,1,0,0,221,44,34,3,2,2,456,58,75,20,7,17,85,32,36,1,1,2
2022-05-21,162,12,28,0,0,0,148,3,25,40,2,0,255,29,46,72,0,5,142,44,67,10,5,4,162,28,24,7,5,5,18,0,9,0,0,0,221,44,34,3,2,2,456,58,74,22,8,16,85,32,36,0,1,3
2022-05-22,162,12,28,0,0,0,148,3,25,42,2,0,251,31,46,70,0,5,141,42,67,11,5,4,162,28,24,6,4,4,18,0,9,0,0,0,221,44,34,3,3,2,457,58,73,22,9,15,85,32,36,0,1,3
2022-05-23,162,12,28,0,0,0,148,3,25,45,1,0,247,33,45,69,0,6,132,40,62,13,5,4,162,28,24,6,4,4,18,0,9,0,0,0,202,43,34,3,3,2,458,58,72,22,10,15,85,32,36,0,0,2
2022-05-24,162,12,28,0,0,0,148,3,25,47,1,1,243,34,44,68,0,6,131,38,62,12,4,4,162,28,24,5,3,3,18,0,9,1,0,0,202,43,34,4,3,1,447,58,70,23,11,13,85,32,36,0,0,1
2022-05-25,162,12,28,0,0,0,148,3,25,50,0,1,239,36,44,68,0,6,139,36,66,13,4,4,162,28,24,4,2,2,18,0,9,1,0,0,202,43,34,3,3,1,448,58,69,23,12,13,85,32,36,0,0,1
2022-05-26,162,12,28,0,0,0,148,3,25,52,0,1,245,36,44,67,0,6,145,36,68,13,2,4,161,28,24,4,1,2,18,0,9,1,0,0,202,43,34,2,3,1,449,61,74,23,13,15,85,32,36,1,0,1
2022-05-27,162,12,28,0,0,0,148,4,25,48,1,1,245,36,44,67,0,4,125,36,67,10,3,3,162,28,24,3,1,4,18,0,9,1,0,0,202,43,34,3,2,1,445,57,74,21,12,15,85,32,36,1,0,2
2022-05-28,162,12,28,0,0,0,148,4,25,43,2,1,245,38,45,65,0,4,145,36,67,10,3,3,162,28,24,0,0,4,18,0,9,1,0,0,202,43,34,2,1,1,444,55,73,22,12,15,85,32,36,1,0,2
2022-05-29,162,12,28,0,0,0,148,3,25,40,2,2,245,37,44,64,0,5,145,36,67,11,4,3,160,28,24,3,2,5,18,0,9,1,0,0,202,43,34,2,0,3,444,55,73,20,11,15,83,32,36,1,0,2
2022-05-30,162,12,28,0,0,0,148,3,25,44,2,2,245,36,44,63,0,4,145,36,65,12,4,5,158,28,24,2,2,5,18,0,9,1,0,0,202,43,34,2,0,2,441,54,73,19,10,14,82,32,36,0,0,2
2022-05-31,162,12,28,0,0,0,148,3,25,44,2,2,245,36,44,62,0,5,135,31,66,14,4,6,160,28,24,2,2,6,18,0,9,1,0,0,202,43,34,2,0,2,444,53,73,17,10,14,83,32,36,0,0,2
2022-06-01,162,12,28,1,0,0,148,3,25,45,2,2,245,36,44,62,0,5,125,26,66,14,4,6,162,28,24,2,2,6,18,0,9,2,0,0,202,43,34,4,0,2,447,54,75,16,11,16,85,32,36,0,0,2
2022-06-02,162,12,28,1,0,0,139,3,25,58,2,3,245,29,46,64,0,5,125,21,66,15,5,5,162,28,24,1,2,6,18,0,9,2,0,0,202,43,34,4,0,2,446,53,74,17,9,15,85,32,36,0,0,2
2022-06-03,162,12,28,1,0,0,130,3,25,51,2,3,245,29,44,65,0,4,125,21,67,15,6,2,162,28,24,1,5,6,18,0,9,2,0,0,221,44,34,4,0,1,413,52,74,20,9,15,80,32,34,0,0,2
2022-06-04,156,12,28,1,0,0,130,3,25,44,2,3,245,28,44,63,0,4,125,21,67,16,6,2,162,28,24,1,5,6,16,0,9,2,0,0,208,42,32,5,0,1,411,52,74,19,10,14,80,32,35,0,0,2
2022-06-05,155,12,28,0,0,0,130,3,25,46,2,3,245,27,44,62,1,3,125,21,67,17,6,3,162,28,24,1,5,6,14,0,9,2,0,0,208,42,32,4,0,1,412,52,74,22,10,13,80,33,36,1,0,2
2022-06-06,155,12,28,0,0,0,130,3,25,43,2,4,248,32,44,60,0,3,125,21,67,15,6,3,162,28,24,0,4,3,18,0,9,2,0,0,208,42,32,2,0,2,409,55,74,21,9,13,80,33,36,2,0,2
2022-06-07,156,12,28,0,0,0,130,3,25,36,1,3,242,32,44,63,1,5,125,21,67,14,6,3,162,28,24,0,3,2,18,0,9,2,0,0,208,42,32,2,0,2,399,52,74,23,9,13,80,33,36,0,0,2
2022-06-08,156,12,28,0,0,0,130,3,25,42,1,5,248,32,44,63,1,6,126,21,67,13,6,3,162,28,24,0,4,3,18,0,9,2,0,0,208,42,32,4,0,2,405,51,74,22,8,13,80,32,34,0,0,2
2022-06-09,156,12,28,0,0,0,130,3,25,33,1,5,248,32,44,66,1,6,122,21,67,15,6,4,162,28,24,0,4,2,18,0,9,0,0,0,208,42,32,5,0,2,402,52,75,22,6,14,80,32,34,0,0,2
2022-06-10,156,12,28,0,0,0,130,3,25,46,1,4,248,32,44,69,0,5,122,21,67,13,6,4,162,28,24,0,4,2,18,0,9,2,0,0,208,42,32,4,1,2,402,52,75,24,8,13,80,32,34,1,0,2
2022-06-11,156,12,28,0,0,0,130,3,25,46,2,3,219,32,42,46,0,4,121,21,67,15,5,3,162,28,24,0,4,2,18,0,9,4,0,0,208,42,32,4,1,1,401,52,75,22,9,14,79,30,34,1,0,2
2022-06-12,156,12,28,0,0,0,130,3,25,46,2,2,190,32,40,25,0,4,121,21,67,15,5,4,162,28,24,0,4,2,18,0,9,3,0,0,208,42,32,5,1,1,401,52,75,23,9,14,80,32,34,2,0,1
2022-06-13,156,12,28,0,0,0,130,3,25,39,2,3,162,32,38,2,0,3,121,21,67,16,5,4,162,28,24,1,3,2,18,0,9,2,0,0,208,42,32,6,0,1,404,52,75,25,9,15,80,32,34,3,0,1
2022-06-14,156,12,28,0,0,0,130,3,25,36,2,3,133,31,37,6,2,3,121,21,67,17,5,3,162,28,24,1,3,2,18,0,9,1,0,0,208,42,32,7,0,1,405,52,75,25,9,15,85,32,36,2,0,1
2022-06-15,162,12,28,0,0,0,130,3,25,46,2,1,132,30,36,4,3,3,121,21,67,16,5,3,162,28,24,1,4,3,18,0,9,1,0,0,208,42,32,6,0,1,405,52,75,26,8,14,85,32,36,0,0,0
2022-06-16,168,12,28,0,0,0,130,3,25,40,2,2,131,29,35,3,3,3,121,21,67,17,5,5,162,28,24,1,4,2,14,0,9,1,0,0,208,42,32,9,1,1,404,52,75,24,9,14,85,32,36,0,0,0
2022-06-17,156,12,28,0,0,0,130,3,25,54,2,2,132,29,35,1,1,3,121,21,67,16,4,6,162,28,24,1,4,2,18,0,9,1,0,0,208,42,32,11,1,2,403,52,75,24,10,15,85,32,36,0,0,0
2022-06-18,156,12,28,0,0,0,130,3,25,52,2,2,133,29,35,2,1,3,121,20,66,16,3,6,162,28,24,1,4,2,18,0,9,1,0,0,208,42,32,10,0,2,412,56,78,22,9,15,85,33,36,1,0,0
2022-06-19,156,12,28,0,0,0,130,3,25,50,2,1,133,29,35,2,1,3,122,19,65,18,2,6,162,28,24,1,4,2,18,0,9,1,0,0,208,42,32,8,0,2,420,59,81,19,9,15,85,33,36,2,0,0
2022-06-20,156,12,28,0,0,0,130,3,25,47,2,1,134,29,35,2,1,2,123,18,64,20,2,6,162,28,24,1,3,2,18,0,9,1,0,0,208,42,32,9,2,1,399,52,74,18,10,14,85,33,36,2,0,0
2022-06-21,142,12,20,0,0,0,130,3,25,42,2,3,135,29,35,2,1,2,123,17,63,23,2,6,159,28,24,1,3,3,18,0,9,1,0,0,208,42,32,8,2,1,399,52,74,20,11,14,85,33,36,1,1,0
2022-06-22,129,12,11,0,0,0,131,3,25,45,2,3,135,29,35,3,2,2,123,16,62,23,2,5,160,28,24,1,2,3,18,0,9,2,0,0,208,42,32,10,2,1,399,52,74,22,11,14,85,33,36,1,1,0
2022-06-23,129,12,11,0,0,0,131,3,25,47,2,3,136,29,35,3,2,2,123,16,62,23,2,4,161,28,24,1,2,2,18,0,9,2,0,0,208,42,32,9,3,0,400,52,74,23,13,15,85,33,36,0,1,0
2022-06-24,129,12,11,0,0,0,132,3,25,50,1,3,137,29,35,5,3,2,124,15,61,26,2,5,161,28,24,1,2,2,18,0,9,2,0,0,208,42,32,10,3,1,400,52,74,25,13,15,85,33,36,0,1,0
2022-06-25,129,12,11,0,0,0,132,3,25,52,1,3,138,29,35,6,4,2,124,14,60,26,2,4,162,28,24,1,1,2,18,0,9,2,0,0,206,42,32,11,3,1,380,48,74,25,13,15,85,33,36,0,1,0
2022-06-26,129,12,11,0,0,0,131,3,25,41,1,4,138,29,35,6,4,2,124,13,59,30,2,4,162,28,24,1,1,2,18,0,9,3,0,0,206,42,32,12,3,0,379,48,74,24,14,15,85,33,36,1,1,0
2022-06-27,129,12,11,0,0,0,124,3,25,45,1,5,139,29,35,5,4,2,125,12,58,30,2,4,162,28,24,1,1,2,18,0,9,3,0,0,206,42,32,12,2,0,380,48,74,27,12,15,80,33,36,0,1,0
2022-06-28,129,12,11,0,0,0,130,3,25,42,1,4,139,29,35,7,1,2,126,11,57,29,1,4,162,28,24,1,1,2,18,0,9,3,0,0,206,42,32,10,1,0,380,46,70,27,10,10,80,33,36,1,1,0
2022-06-29,129,12,11,0,0,0,130,3,25,42,1,5,139,29,35,8,1,2,123,16,64,26,1,4,162,28,24,0,1,1,18,0,9,3,0,0,196,42,32,10,1,0,377,46,70,23,11,10,80,33,36,3,1,0
2022-06-30,129,12,11,0,0,0,130,3,25,34,1,3,139,29,35,7,3,2,123,22,72,24,1,5,162,28,24,1,1,2,18,0,9,3,0,0,197,42,32,8,2,0,376,46,71,20,14,10,80,33,36,3,2,0
2022-07-01,129,12,11,0,0,0,130,3,25,43,1,3,142,27,35,7,2,2,123,21,71,29,0,6,162,28,24,0,0,1,18,0,9,3,0,0,196,42,32,4,1,0,380,45,69,22,16,10,80,33,36,2,2,0
2022-07-02,129,12,11,1,0,0,129,4,20,49,1,3,143,29,35,8,0,2,123,21,72,29,0,5,162,28,24,0,0,1,39,2,9,4,0,0,194,42,38,3,1,0,380,51,65,22,10,10,80,33,36,3,0,0
2022-07-03,125,12,11,1,0,0,128,5,25,43,1,4,143,29,35,7,2,2,123,21,72,28,0,5,162,28,24,0,0,1,39,3,9,4,0,0,194,42,38,3,2,0,379,44,65,22,12,10,81,33,36,5,0,0
2022-07-04,129,12,11,0,0,0,127,6,25,46,1,5,139,29,35,6,2,2,113,16,68,27,0,6,162,28,24,0,1,0,39,3,9,4,0,0,194,42,38,5,3,0,378,44,65,20,11,10,81,33,36,5,0,0
2022-07-05,129,12,11,0,0,0,130,4,25,49,1,4,139,29,35,10,4,2,116,11,68,30,0,4,162,28,24,0,2,1,39,3,9,4,0,0,194,42,38,6,3,1,377,44,65,19,14,11,81,33,36,5,0,0
2022-07-06,129,12,11,0,0,0,130,3,25,50,1,4,139,29,35,12,4,3,116,11,68,33,0,4,162,28,24,0,2,1,39,3,9,5,0,0,194,42,38,6,3,1,378,46,65,21,14,11,81,33,36,4,0,0
2022-07-07,129,12,11,0,0,0,130,3,25,51,2,3,138,29,35,12,5,3,115,11,69,33,0,5,162,28,24,0,2,1,39,3,9,5,0,0,196,42,38,7,2,0,376,48,65,23,14,11,80,33,36,4,0,1
2022-07-08,129,12,11,1,0,0,131,3,25,53,2,3,138,29,35,13,5,3,116,11,71,34,0,7,162,28,23,1,3,2,39,3,9,5,0,0,196,42,38,8,2,0,375,49,65,28,14,13,80,33,36,2,1,1
2022-07-09,129,12,11,2,0,0,131,3,25,53,2,3,138,29,35,15,6,3,116,11,71,36,0,7,162,28,23,1,3,2,39,3,9,5,0,0,196,42,38,8,2,0,376,51,65,31,14,13,80,34,36,1,1,2
2022-07-10,129,12,11,2,0,0,131,3,25,55,2,3,138,30,35,17,7,3,117,11,71,39,0,6,162,28,23,1,2,2,39,3,9,5,0,0,196,42,38,9,3,0,377,51,65,27,15,13,80,34,35,1,1,2
2022-07-11,129,12,11,3,0,0,132,3,25,53,1,3,138,31,35,18,8,3,118,11,71,51,0,8,162,28,23,4,4,4,39,3,9,5,0,0,196,42,38,13,3,1,376,51,65,30,16,14,80,34,35,3,0,0
2022-07-12,129,12,11,3,0,0,132,3,25,51,1,4,141,33,35,18,11,2,119,11,71,45,0,8,162,28,23,4,5,4,39,3,9,5,0,0,196,42,38,13,4,1,378,51,65,35,16,14,80,34,35,2,1,0
2022-07-13,129,12,11,4,0,0,132,3,25,50,0,4,151,34,35,31,11,2,118,11,69,38,0,8,162,28,23,4,6,5,39,3,9,5,0,0,195,42,38,15,3,1,378,51,65,36,18,14,80,34,35,2,2,1
2022-07-14,129,12,11,3,0,0,132,3,25,60,1,5,158,35,36,38,10,2,116,11,69,37,0,6,162,28,23,5,6,6,39,3,9,5,0,0,195,42,38,16,4,3,382,51,66,40,17,17,80,34,35,3,3,2
2022-07-15,129,12,11,3,0,0,132,3,25,55,2,6,158,35,37,36,8,2,117,11,67,41,0,7,162,28,23,5,5,6,39,3,9,5,0,0,177,42,38,14,8,3,383,51,66,37,17,17,80,34,35,3,2,2
2022-07-16,116,12,11,3,0,0,132,3,25,51,2,6,158,35,39,33,9,2,128,14,73,44,0,7,162,28,23,5,4,6,39,3,9,5,0,0,177,42,38,22,9,3,384,51,66,38,18,17,80,34,35,5,2,3
2022-07-17,122,12,11,2,0,0,129,3,20,46,2,6,163,35,39,37,9,3,126,16,71,47,0,7,171,28,23,4,4,6,18,2,9,4,0,0,195,42,38,27,8,3,387,51,67,44,20,17,80,34,35,6,2,3
2022-07-18,129,12,11,2,0,1,129,3,25,42,1,6,165,34,39,51,10,3,124,11,69,48,0,7,162,28,23,5,7,7,18,0,9,5,0,0,195,42,38,31,8,1,388,51,67,43,20,16,80,34,35,8,2,3
2022-07-19,129,14,11,2,0,1,129,3,25,41,1,5,164,35,39,52,12,2,134,11,68,46,0,7,167,28,23,6,8,7,18,0,9,5,0,0,195,42,38,36,9,1,405,51,67,66,20,16,80,34,35,15,4,3
2022-07-20,129,16,11,2,0,1,129,3,25,44,1,5,164,35,39,54,10,2,134,11,68,51,0,8,171,28,23,5,8,6,18,0,9,5,0,0,195,42,38,42,6,2,385,51,68,51,18,17,80,34,35,15,0,5
2022-07-21,129,16,11,3,0,1,131,3,20,57,1,6,163,35,36,53,8,2,135,11,68,57,0,9,171,28,23,4,9,9,39,3,9,6,0,0,195,42,38,37,3,2,381,48,68,52,18,16,80,34,36,17,1,6
2022-07-22,129,16,11,4,0,1,120,3,25,61,0,5,162,35,34,58,9,2,144,11,70,59,0,9,176,28,23,8,7,8,39,3,9,3,0,0,195,42,38,37,3,1,381,51,67,48,22,17,82,29,36,22,2,5
2022-07-23,130,15,11,4,0,1,110,3,24,65,0,5,163,35,34,55,6,2,146,11,70,63,0,9,176,28,23,7,7,6,39,3,9,3,0,0,195,42,38,38,5,1,384,49,67,50,16,15,82,30,36,16,3,5
2022-07-24,130,13,11,3,0,1,109,3,24,64,0,4,164,35,34,57,6,3,146,11,70,60,0,9,176,28,23,7,7,5,39,2,9,5,0,0,195,42,38,38,6,1,391,51,67,54,18,16,82,31,36,15,3,5
2022-07-25,129,12,11,2,0,1,118,3,22,56,0,2,167,35,34,57,11,2,147,11,70,58,0,9,176,28,23,6,7,2,39,2,9,5,0,0,195,42,38,40,8,1,390,51,67,54,17,16,82,31,36,23,2,6
2022-07-26,129,12,11,1,0,1,128,3,21,47,0,4,167,34,33,62,13,3,157,11,70,54,0,10,176,28,23,6,6,2,39,2,9,5,0,0,195,42,38,40,7,1,402,51,67,59,20,16,82,34,36,23,2,7
2022-07-27,129,15,11,1,0,1,128,3,21,51,0,7,165,34,34,68,14,3,159,11,70,65,0,9,176,28,23,4,5,3,39,2,9,5,0,0,195,42,38,38,8,1,399,51,65,57,17,15,82,37,36,24,7,9
2022-07-28,129,15,11,1,0,1,133,3,20,62,1,10,167,34,34,65,12,3,161,11,67,66,0,9,172,28,23,5,6,5,39,2,9,5,0,0,195,42,38,37,10,3,400,51,66,69,18,16,82,37,36,25,8,9
2022-07-29,129,15,11,0,0,1,134,3,20,49,1,10,169,35,35,70,6,3,162,11,70,70,0,10,171,28,23,7,6,5,39,2,9,5,0,0,195,42,38,40,11,5,399,51,66,73,21,16,82,38,36,21,8,6
2022-07-30,129,15,11,0,0,2,130,3,16,57,1,8,170,35,34,59,4,3,167,11,70,77,0,10,171,28,23,5,6,6,39,2,9,5,0,0,195,42,38,38,7,5,415,51,66,72,25,15,82,42,36,19,12,6
2022-07-31,129,16,11,0,0,2,132,3,16,55,2,5,169,35,32,55,3,3,172,11,70,81,0,10,172,28,23,8,6,3,39,2,9,5,0,0,195,42,38,32,8,5,407,50,65,68,21,16,83,41,36,13,13,6
2022-08-01,129,17,11,1,0,1,136,3,14,55,2,5,169,35,32,52,1,3,175,11,70,82,0,10,173,28,23,11,6,0,39,2,9,6,0,0,195,42,38,28,10,5,399,50,65,62,19,19,84,41,36,13,13,6
2022-08-02,129,15,11,0,0,1,131,3,19,49,2,6,168,34,33,64,3,3,176,11,70,87,0,12,172,28,23,10,7,4,39,2,9,6,0,0,193,42,38,30,10,6,412,51,67,67,15,16,84,41,36,10,13,4
2022-08-03,129,15,11,0,0,1,125,3,20,51,2,5,168,32,34,66,4,3,175,11,71,83,0,13,174,28,23,12,8,7,39,2,9,6,0,0,193,42,38,35,9,5,409,51,67,74,18,15,84,41,32,10,13,3
2022-08-04,129,15,11,0,0,0,131,3,21,48,2,7,167,32,35,71,3,3,172,11,71,82,0,14,173,28,23,11,11,8,39,2,9,6,0,0,193,42,38,37,6,5,409,51,68,69,20,17,84,41,36,10,13,3
2022-08-05,129,15,11,0,0,0,131,3,22,56,2,5,167,32,35,66,3,3,168,11,71,84,0,9,173,28,23,9,10,6,39,2,9,6,0,0,195,42,38,39,8,5,409,50,68,62,21,18,84,40,36,12,12,3
2022-08-06,142,15,17,0,0,1,131,3,22,56,2,5,167,32,35,58,3,2,168,11,71,83,0,10,173,28,23,7,10,6,39,2,9,6,0,0,193,42,38,35,7,4,393,49,66,59,16,16,84,38,36,13,13,3
2022-08-07,156,15,22,1,0,2,131,3,22,54,2,5,167,32,35,50,4,2,179,11,75,85,0,12,173,28,23,6,8,6,39,2,9,5,0,0,193,42,38,34,6,4,381,51,65,58,14,15,84,37,36,9,10,6
2022-08-08,156,15,28,2,0,2,127,3,22,53,2,5,167,32,35,46,5,2,170,11,71,82,0,10,173,28,23,5,9,5,39,2,9,5,0,0,193,42,38,30,6,4,379,51,63,65,17,13,84,38,36,7,6,10
2022-08-09,156,15,28,2,0,2,131,3,22,53,1,5,167,32,36,38,6,4,169,11,71,81,0,11,173,28,23,10,9,6,39,2,9,4,0,0,193,42,38,27,6,4,376,51,62,58,18,14,84,36,36,7,9,8
2022-08-10,156,15,28,1,0,2,131,3,22,52,1,5,147,32,36,32,5,5,173,11,68,78,0,10,173,28,23,9,9,8,39,2,9,4,0,0,193,42,38,22,6,3,375,51,62,57,17,14,82,34,36,5,7,7
2022-08-11,156,15,28,1,0,2,131,3,20,51,1,6,147,32,36,31,6,5,172,11,69,77,0,11,171,28,23,8,9,10,39,2,9,4,0,0,193,42,38,27,6,3,374,51,60,53,16,14,84,33,36,10,5,6
2022-08-12,156,15,28,0,0,2,128,3,20,46,1,5,147,32,33,30,5,6,164,11,70,73,0,9,173,26,23,11,9,8,39,2,9,3,0,0,193,42,38,19,6,3,378,51,63,48,16,16,84,33,36,10,3,6
2022-08-13,156,16,28,0,0,2,128,3,20,48,2,5,147,32,35,28,4,5,169,11,72,76,0,11,173,24,23,9,10,10,39,2,9,3,0,0,193,42,38,20,5,2,376,51,63,50,16,15,84,33,36,7,2,7
2022-08-14,140,15,25,0,0,2,128,3,20,50,2,4,146,32,36,29,3,4,173,11,74,80,0,13,173,28,23,9,11,10,39,2,9,2,0,0,193,42,38,21,5,2,374,51,63,51,17,14,84,32,36,7,2,9
2022-08-15,140,13,25,0,0,2,127,3,20,49,2,3,146,32,36,27,5,4,161,11,70,73,0,13,173,28,23,9,10,8,39,2,9,2,0,0,193,42,38,15,6,2,381,51,65,43,14,14,84,32,36,7,3,8
2022-08-16,140,13,25,0,0,2,128,3,21,47,1,4,146,32,36,28,7,6,158,11,72,68,0,15,167,28,23,7,8,6,39,3,9,3,0,0,193,42,38,13,6,2,378,51,65,41,21,16,84,32,36,4,3,6
2022-08-17,140,13,25,0,0,2,127,3,21,56,2,5,146,32,36,26,2,5,156,11,70,57,0,13,167,28,23,6,8,6,39,3,9,4,0,0,192,42,38,16,7,1,379,51,64,41,17,14,84,32,36,4,3,6
2022-08-18,140,13,25,0,0,2,126,3,21,52,2,5,146,32,36,23,2,6,156,11,70,62,0,12,167,28,23,5,8,8,39,3,8,4,0,0,192,42,38,14,5,1,367,51,63,37,16,14,84,31,36,2,3,5
2022-08-19,155,13,31,0,0,2,136,3,21,51,2,4,146,32,36,26,3,6,156,11,70,67,0,12,167,28,23,5,8,8,39,3,7,4,0,0,192,42,38,13,3,1,354,51,63,30,16,13,84,31,36,1,2,3
2022-08-20,170,13,31,0,0,2,145,3,21,54,2,4,146,32,36,22,2,6,155,10,67,67,0,11,167,28,23,2,8,6,39,3,7,4,0,0,192,42,38,12,2,1,356,51,63,31,16,13,84,31,36,1,1,3
2022-08-21,170,13,31,0,0,2,145,3,20,57,2,4,147,31,36,18,2,5,154,8,64,66,0,12,167,28,23,3,7,5,39,3,7,4,0,0,192,42,38,11,2,1,357,51,63,30,17,13,84,31,36,2,1,4
2022-08-22,170,13,31,0,0,2,143,3,21,55,2,2,147,31,36,16,3,5,153,7,61,60,0,11,167,28,23,1,7,4,39,3,7,4,0,0,192,42,38,9,2,1,358,51,63,26,12,14,83,31,36,2,1,3
2022-08-23,170,13,31,0,0,2,143,3,21,47,2,2,147,31,36,13,6,5,156,7,61,57,0,10,171,28,20,1,7,3,39,3,7,4,0,0,192,42,38,11,2,1,356,51,63,20,13,14,82,31,36,3,0,3
2022-08-24,170,13,31,0,0,1,138,3,21,51,2,3,147,31,36,13,7,5,156,7,61,54,0,8,174,29,16,3,7,2,39,3,7,5,0,0,193,42,38,10,2,1,363,51,63,20,12,14,82,31,36,4,0,3
2022-08-25,170,13,31,1,0,1,135,3,21,54,1,5,147,31,36,13,4,5,156,7,58,54,0,8,174,31,16,4,9,4,39,3,7,5,0,0,193,42,38,10,2,1,365,51,63,25,14,14,81,31,36,4,0,5
2022-08-26,170,13,31,1,0,1,136,3,19,48,0,4,147,31,36,12,4,5,158,7,56,59,0,9,173,30,16,4,8,3,39,3,7,5,0,0,193,42,38,8,2,0,354,51,63,25,18,14,81,31,36,6,0,5
2022-08-27,170,13,31,1,0,1,139,3,17,42,1,4,147,31,36,13,4,4,159,8,61,57,1,9,173,30,16,6,7,3,39,3,7,5,0,0,193,42,38,9,2,0,343,51,63,26,21,14,81,31,36,5,0,4
2022-08-28,170,13,31,2,0,1,139,3,17,40,1,5,147,31,36,13,4,3,157,8,60,53,1,3,173,30,16,4,6,2,39,3,7,2,0,0,193,42,38,7,2,0,367,51,63,31,17,14,81,31,36,4,0,4
2022-08-29,170,13,31,2,0,0,140,3,21,36,2,3,147,31,36,15,5,3,156,8,61,54,1,8,173,30,16,3,5,2,39,3,7,4,0,0,193,42,38,7,1,0,362,51,63,30,19,14,81,31,36,4,0,4
2022-08-30,170,13,31,1,0,0,138,3,21,35,2,2,147,31,36,12,5,2,154,8,61,55,1,9,173,29,16,3,3,1,39,3,7,6,0,0,193,42,38,7,1,1,362,51,63,31,18,14,81,31,36,2,0,4
2022-08-31,164,13,31,2,0,0,138,3,21,41,2,2,147,31,36,12,4,2,153,7,61,49,0,9,176,29,16,3,2,1,39,3,7,8,0,0,193,42,38,6,1,1,372,52,63,31,17,14,81,31,36,1,0,4
2022-09-01,159,13,31,2,0,0,138,3,21,43,1,1,147,31,36,12,3,2,153,7,61,48,0,9,176,29,16,3,3,0,39,3,7,8,0,0,184,42,38,5,1,1,368,53,63,31,19,12,81,31,36,1,0,4
2022-09-02,170,13,31,3,0,0,138,3,21,45,0,0,147,31,36,11,3,2,152,7,61,48,0,9,174,29,16,3,3,0,39,3,7,9,0,0,175,42,38,5,1,1,364,53,63,31,22,12,81,31,36,1,0,3
2022-09-03,155,13,25,3,0,1,128,3,21,57,0,0,147,31,36,10,3,2,152,7,61,46,0,8,174,29,16,2,3,0,39,3,7,9,0,0,175,42,38,4,1,1,359,54,63,30,14,12,79,31,36,2,0,1
2022-09-04,140,13,25,3,0,1,119,3,21,50,1,0,147,31,36,8,3,3,152,7,61,45,0,8,174,29,16,2,3,0,39,3,7,9,0,0,175,42,38,2,1,1,360,54,63,28,14,12,79,31,36,1,0,2
2022-09-05,140,13,25,3,0,1,119,3,21,54,1,0,147,31,36,8,3,3,152,7,60,39,0,9,174,29,16,0,2,1,39,3,7,8,0,0,175,42,38,2,1,1,351,53,63,22,15,12,79,31,36,1,0,2
2022-09-06,140,13,25,2,0,1,119,3,21,48,1,0,147,31,36,10,3,2,149,7,60,42,0,8,172,29,16,2,1,2,39,3,7,7,0,0,175,42,38,3,3,0,348,52,63,17,15,13,79,31,36,1,0,2
2022-09-07,140,14,25,1,0,1,119,3,21,43,2,0,147,31,36,9,0,2,148,7,61,39,0,8,174,29,16,2,3,2,39,3,7,7,0,0,173,42,37,3,4,0,345,50,63,13,14,12,79,31,36,1,0,2
2022-09-08,140,15,25,1,0,1,121,3,21,50,2,3,147,31,36,9,1,2,148,7,60,34,0,8,152,22,12,3,4,2,39,3,7,6,0,0,170,42,36,3,3,1,346,50,64,15,13,13,79,31,36,1,0,1
2022-09-09,140,13,25,2,0,1,119,3,17,49,2,3,127,29,30,9,1,1,148,7,61,32,0,9,129,15,8,3,4,2,39,3,7,5,0,0,168,42,36,5,3,1,349,50,64,27,13,13,79,31,36,1,0,1
2022-09-10,140,13,25,2,0,1,119,3,21,43,2,3,127,29,30,9,1,1,149,6,61,33,0,9,129,15,8,2,4,1,39,3,7,5,0,0,165,42,35,4,3,1,352,50,64,21,14,13,82,31,36,0,0,1
2022-09-11,140,13,25,2,0,1,119,3,21,38,2,3,128,30,28,9,1,1,149,5,61,34,0,9,129,15,8,2,4,1,39,3,7,4,0,0,163,42,34,2,3,1,354,50,64,24,17,13,79,31,36,0,0,1
2022-09-12,140,13,25,1,0,1,119,3,21,34,2,3,128,30,27,8,1,1,147,5,61,33,0,8,129,15,8,2,3,1,39,3,7,4,0,0,161,42,34,5,3,1,357,50,61,23,15,15,82,31,36,1,0,1
2022-09-13,140,13,25,0,0,1,119,3,21,39,2,3,128,28,27,7,1,1,136,4,56,32,0,7,129,15,8,2,2,1,38,3,7,4,0,0,158,42,33,2,3,1,354,49,57,20,13,15,82,31,36,1,0,1
2022-09-14,140,13,25,0,0,1,120,3,21,43,2,3,128,26,27,5,0,1,134,3,56,31,0,8,129,15,8,2,2,1,37,3,7,4,0,0,156,42,32,1,3,1,351,48,54,18,12,15,82,31,36,1,0,1
2022-09-15,140,13,25,0,0,1,120,3,23,48,2,3,129,25,26,6,0,1,133,3,56,28,0,9,129,15,8,2,1,0,39,3,7,4,0,0,170,44,32,3,2,1,332,53,56,15,12,15,82,31,36,1,0,1
2022-09-16,140,13,25,0,0,1,119,3,25,48,2,3,148,27,31,6,0,1,124,3,55,28,0,9,128,16,8,2,1,0,39,3,7,4,0,0,170,45,32,4,1,1,338,51,58,17,6,16,82,31,36,1,0,1
2022-09-17,140,13,25,0,0,1,119,3,21,50,2,3,147,27,30,5,0,1,124,3,55,24,0,9,128,16,8,3,2,0,39,3,7,4,0,0,170,45,32,4,1,1,353,51,58,19,14,8,82,31,36,1,0,1
2022-09-18,140,13,25,1,0,1,119,3,21,47,1,4,145,24,31,6,0,0,124,3,55,20,0,8,128,16,8,2,2,0,39,3,7,4,0,0,170,45,32,3,1,1,353,51,60,21,15,12,82,31,36,1,0,0
2022-09-19,126,13,16,1,0,0,119,3,21,40,1,4,143,29,32,7,1,1,124,3,55,18,0,8,128,16,8,2,1,0,39,3,7,4,0,0,170,45,32,3,0,1,353,51,62,18,14,11,82,31,36,1,0,0
2022-09-20,113,13,8,1,0,0,119,3,21,43,1,3,142,25,31,4,2,1,109,3,55,16,0,7,128,16,8,2,2,0,39,3,7,4,0,0,170,45,32,1,0,2,356,51,63,23,13,11,82,31,36,0,0,0
2022-09-21,113,13,8,1,0,0,119,3,21,42,1,3,141,25,31,4,2,1,109,3,53,12,0,7,128,16,8,2,2,0,39,3,7,4,0,0,170,45,32,1,1,2,356,51,63,21,13,6,82,31,36,0,0,0
2022-09-22,113,13,8,1,0,0,119,3,21,38,1,3,141,25,31,2,2,1,110,3,54,15,0,7,128,16,8,2,1,0,39,3,7,3,0,0,170,45,32,1,1,2,349,51,69,20,16,9,82,31,36,0,0,0
2022-09-23,113,13,8,1,0,0,119,3,21,37,1,4,130,25,31,2,2,0,110,3,53,20,0,5,128,16,8,2,1,0,39,3,7,3,0,0,151,44,32,1,1,2,354,51,63,16,17,9,82,31,36,0,0,0
2022-09-24,113,13,8,1,0,0,119,3,21,50,1,4,141,25,31,2,2,0,110,3,56,18,0,5,128,16,8,2,1,0,39,3,7,2,0,0,151,44,32,2,1,2,354,51,63,18,15,9,82,31,36,0,0,0
2022-09-25,113,13,8,1,0,0,119,3,21,52,2,4,141,25,31,2,0,0,110,3,53,19,0,5,128,16,8,1,1,0,38,3,7,2,0,0,151,44,32,3,1,2,344,51,61,19,13,9,82,31,36,1,0,0
2022-09-26,113,13,8,1,0,0,119,3,21,52,2,4,141,25,31,2,0,0,110,3,53,19,0,5,128,16,8,2,3,0,38,3,7,2,0,0,151,44,32,4,1,1,345,51,60,20,14,8,82,31,36,1,0,0
2022-09-27,113,14,8,1,0,0,116,3,21,50,2,4,141,25,31,2,0,0,108,3,53,19,0,3,128,16,8,2,3,0,38,3,7,2,0,0,151,44,32,4,1,1,343,51,60,20,14,8,82,31,36,1,0,0
2022-09-28,113,15,8,0,0,0,116,3,21,49,1,4,141,20,31,1,0,0,107,3,54,18,0,2,128,16,8,2,3,0,38,3,7,2,0,0,151,44,32,2,1,1,343,51,60,19,14,8,82,31,36,1,0,0
2022-09-29,113,14,8,0,0,0,116,3,21,49,1,4,141,20,31,0,0,0,107,3,54,17,0,2,128,16,8,0,3,0,38,3,7,2,0,0,151,44,32,2,0,2,342,51,60,16,14,8,82,31,36,0,0,0
2022-09-30,113,13,8,0,0,0,126,3,25,48,0,4,141,20,31,2,0,0,107,3,53,15,0,2,128,16,8,0,3,0,37,3,7,2,0,0,151,44,32,1,0,2,342,51,60,14,14,8,82,31,36,0,0,0
2022-10-01,113,13,8,0,0,0,124,3,25,44,0,4,151,14,25,2,0,0,102,3,49,14,0,2,128,16,8,0,3,0,37,3,7,1,0,0,151,44,32,0,1,1,343,51,56,14,13,8,82,31,36,0,0,0
2022-10-02,113,13,8,0,0,0,124,3,25,40,1,4,150,20,31,2,0,0,100,3,49,13,0,2,128,16,8,0,3,0,37,3,7,1,0,0,151,44,32,0,1,1,344,51,59,14,13,7,82,31,36,0,0,0
2022-10-03,113,13,8,0,0,0,124,3,25,27,0,0,136,20,31,3,0,0,100,2,49,11,0,2,129,16,8,0,4,0,37,3,7,1,0,0,151,44,32,0,0,1,338,50,59,13,10,7,82,31,36,0,0,0
2022-10-04,113,13,8,0,0,0,124,3,25,36,1,4,136,19,31,5,0,0,100,2,49,12,0,2,128,16,8,0,3,0,37,3,7,0,0,0,147,43,32,0,0,2,338,50,59,10,10,7,82,31,36,0,0,0
2022-10-05,113,13,10,0,0,0,124,3,25,38,1,0,122,19,29,4,0,0,100,2,49,11,0,2,128,16,8,0,3,0,37,3,7,1,0,0,147,43,32,0,0,2,338,50,59,8,11,7,82,31,36,0,0,0
2022-10-06,113,13,13,0,0,0,124,3,25,41,2,2,105,13,23,3,0,1,100,3,49,11,0,2,128,16,8,0,2,0,37,3,7,1,0,0,147,43,32,0,0,3,337,50,59,8,12,7,82,30,36,0,0,0
2022-10-07,113,13,10,0,0,0,124,3,25,43,2,1,105,13,23,3,0,1,99,3,49,14,0,2,122,14,8,0,2,0,37,3,7,1,0,0,147,43,32,0,0,4,337,50,59,7,6,7,83,31,36,0,0,0
2022-10-08,113,13,8,0,0,0,124,3,25,42,2,2,104,13,23,4,0,1,100,3,50,11,0,2,122,14,8,0,2,0,37,3,7,1,0,0,147,43,32,2,0,4,337,50,54,7,12,6,82,31,36,0,0,0
2022-10-09,113,13,8,0,0,0,124,3,25,42,2,2,108,14,24,4,0,1,100,3,50,11,0,2,122,14,8,0,2,0,37,3,7,1,0,0,147,43,32,3,2,3,337,50,58,7,16,6,80,31,36,0,0,0
2022-10-10,102,13,8,0,0,0,124,3,25,38,2,2,111,15,25,4,0,1,99,3,53,12,0,6,122,14,8,0,3,0,37,3,7,1,0,0,147,43,32,3,2,3,337,50,58,6,11,7,80,31,36,0,0,0
2022-10-11,91,13,8,0,0,0,124,3,25,33,2,3,117,16,26,1,1,1,99,3,53,11,0,2,122,14,8,0,3,0,37,3,7,1,0,0,145,43,32,4,3,4,329,50,58,0,6,7,81,31,36,0,0,0
2022-10-12,91,13,8,0,0,0,124,3,25,38,2,4,121,19,29,1,0,0,99,3,49,11,0,2,122,14,8,0,4,0,37,3,7,1,0,0,145,43,32,4,2,5,325,51,58,0,11,7,82,31,36,0,0,0
2022-10-13,91,13,8,0,0,0,124,3,25,43,2,4,122,19,29,2,0,0,99,3,49,12,0,2,122,14,8,0,4,0,37,3,7,2,0,0,140,43,32,4,3,4,326,51,58,1,10,9,82,31,36,0,0,0
